model,seed,estimator,mean_relative_error,dimension,gram_condition,pairs,candidate_words
Lotka--Volterra,10101,base,0.01594702877375363,6,2.709805415978399e6,100000,7
Lotka--Volterra,10101,closure,0.008810389021866214,7,2.709805415978399e6,100000,7
Lotka--Volterra,10201,base,0.009940773363764024,6,3.432902748293952e6,100000,7
Lotka--Volterra,10201,closure,0.0036879050897662418,7,3.432902748293952e6,100000,7
Lotka--Volterra,10301,base,0.010507694500556155,6,2821.117525008839,100000,7
Lotka--Volterra,10301,closure,0.015109309808398195,7,2821.11752500884,100000,7
Lotka--Volterra,10401,base,0.0022231723169103,6,2857.373754557829,100000,7
Lotka--Volterra,10401,closure,0.003541040708450525,7,2857.3737545578297,100000,7
Lotka--Volterra,10501,base,0.006171333002850954,6,2678.433156450789,100000,7
Lotka--Volterra,10501,closure,0.010367931842226197,7,2678.433156450789,100000,7
Lotka--Volterra,10601,base,0.01484122034974066,6,2381.366592457339,100000,7
Lotka--Volterra,10601,closure,0.013082517592570253,7,2381.3665924573393,100000,7
Lotka--Volterra,10701,base,0.009131811973188972,6,43275.31715189903,100000,7
Lotka--Volterra,10701,closure,0.015161459526478854,7,43275.31715189903,100000,7
Lotka--Volterra,10801,base,0.007048351392957497,6,8.35863002430915e6,100000,7
Lotka--Volterra,10801,closure,0.00703633382101717,7,8.35863002430915e6,100000,7
Lotka--Volterra,10901,base,0.010583522767600847,6,2.479976232592473e6,100000,7
Lotka--Volterra,10901,closure,0.004703927600551021,7,2.4799762325924737e6,100000,7
Lotka--Volterra,11001,base,0.006655923262904639,6,2314.058863778781,100000,7
Lotka--Volterra,11001,closure,0.0025399077356371134,7,2314.0588637787805,100000,7
Lotka--Volterra,11101,base,0.005610457335686467,6,2436.0827589084565,100000,7
Lotka--Volterra,11101,closure,0.010084198318361966,7,2436.0827589084565,100000,7
Lotka--Volterra,11201,base,0.007423204434419743,6,2580.7341412489563,100000,7
Lotka--Volterra,11201,closure,0.00673966750980095,7,2580.7341412489563,100000,7
Lotka--Volterra,11301,base,0.003543219533577111,6,1.851654184533616e7,100000,7
Lotka--Volterra,11301,closure,0.003665732160693102,7,1.851654184533616e7,100000,7
Lotka--Volterra,11401,base,0.009968719652821272,6,8780.11426313953,100000,7
Lotka--Volterra,11401,closure,0.003805626500359567,7,8780.11426313953,100000,7
Lotka--Volterra,11501,base,0.009655577844995792,6,2439.2671801285433,100000,7
Lotka--Volterra,11501,closure,0.005080211410793728,7,2439.2671801285433,100000,7
Lotka--Volterra,11601,base,0.015536412252342488,6,2347.426488476219,100000,7
Lotka--Volterra,11601,closure,0.009538359989020936,7,2347.42648847622,100000,7
Lotka--Volterra,11701,base,0.009245708844266003,6,2923.7453858939302,100000,7
Lotka--Volterra,11701,closure,0.01198228630790274,7,2923.7453858939302,100000,7
Lotka--Volterra,11801,base,0.004016831866497226,6,2.0748712480699872e6,100000,7
Lotka--Volterra,11801,closure,0.0029962434324044035,7,2.0748712480699872e6,100000,7
Lotka--Volterra,11901,base,0.011506119861877523,6,2653.7898433400337,100000,7
Lotka--Volterra,11901,closure,0.008582982095062244,7,2653.7898433400333,100000,7
Lotka--Volterra,12001,base,0.009483467786697923,6,2560.037596925079,100000,7
Lotka--Volterra,12001,closure,0.008307226461833643,7,2560.037596925079,100000,7
Michaelis--Menten,10101,base,0.05469271758534224,4,849.3625253401899,64000,9
Michaelis--Menten,10101,closure,0.026449134987980665,5,849.3625253401899,64000,9
Michaelis--Menten,10201,base,0.05647487069437466,4,837.0179579498648,64000,9
Michaelis--Menten,10201,closure,0.019157818851279346,5,837.0179579498648,64000,9
Michaelis--Menten,10301,base,0.04151224719999359,4,859.8429282225027,64000,9
Michaelis--Menten,10301,closure,0.006118507112422625,5,859.8429282225028,64000,9
Michaelis--Menten,10401,base,0.05794707245839984,4,865.9533618760466,64000,9
Michaelis--Menten,10401,closure,0.05276990438470372,5,865.9533618760466,64000,9
Michaelis--Menten,10501,base,0.06900509428944603,4,840.3889147496595,64000,9
Michaelis--Menten,10501,closure,0.058585569458677746,5,840.3889147496594,64000,9
Michaelis--Menten,10601,base,0.05171446917244208,4,849.0537505214922,64000,9
Michaelis--Menten,10601,closure,0.0038078968127975427,5,849.0537505214922,64000,9
Michaelis--Menten,10701,base,0.060834611947091326,4,840.9551835793524,64000,9
Michaelis--Menten,10701,closure,0.029000796096666743,5,840.9551835793524,64000,9
Michaelis--Menten,10801,base,0.04120179858627777,4,837.0173200946966,64000,9
Michaelis--Menten,10801,closure,0.015731933251465664,5,837.0173200946966,64000,9
Michaelis--Menten,10901,base,0.052300166209578364,4,847.9782072037958,64000,9
Michaelis--Menten,10901,closure,0.027253647611496467,5,847.9782072037959,64000,9
Michaelis--Menten,11001,base,0.05260937932480966,4,825.1903322672358,64000,9
Michaelis--Menten,11001,closure,0.04690870779122475,5,825.1903322672359,64000,9
Michaelis--Menten,11101,base,0.07466538142715205,4,844.4439913190614,64000,9
Michaelis--Menten,11101,closure,0.03335876174020119,5,844.4439913190614,64000,9
Michaelis--Menten,11201,base,0.0753458941265352,4,847.4737710839207,64000,9
Michaelis--Menten,11201,closure,0.06802717035102995,5,847.4737710839207,64000,9
Michaelis--Menten,11301,base,0.04416903856880144,4,848.9533791098085,64000,9
Michaelis--Menten,11301,closure,0.07856701307653112,5,848.9533791098085,64000,9
Michaelis--Menten,11401,base,0.054053119438314444,4,850.5398679463608,64000,9
Michaelis--Menten,11401,closure,0.014740822864183744,5,850.5398679463608,64000,9
Michaelis--Menten,11501,base,0.06488465807797832,4,860.7759580510834,64000,9
Michaelis--Menten,11501,closure,0.031961534526380245,5,860.7759580510832,64000,9
Michaelis--Menten,11601,base,0.05901876183902679,4,845.7196966853191,64000,9
Michaelis--Menten,11601,closure,0.012978094547095425,5,845.7196966853191,64000,9
Michaelis--Menten,11701,base,0.06272191944397539,4,851.4341759299307,64000,9
Michaelis--Menten,11701,closure,0.04021565517928449,5,851.4341759299307,64000,9
Michaelis--Menten,11801,base,0.06021927883116616,4,838.3256340255175,64000,9
Michaelis--Menten,11801,closure,0.028642496532571653,5,838.3256340255175,64000,9
Michaelis--Menten,11901,base,0.05332486512648366,4,839.0895667757856,64000,9
Michaelis--Menten,11901,closure,0.0032232945012203307,5,839.0895667757856,64000,9
Michaelis--Menten,12001,base,0.04889579078609935,4,853.0303457484416,64000,9
Michaelis--Menten,12001,closure,0.015082016524131207,5,853.0303457484416,64000,9
Brusselator,10101,base,0.17798353300045172,10,3.6247107063147617e6,248500,10
Brusselator,10101,closure,0.06993534797864812,11,3.6247107063152017e6,248500,10
Brusselator,10201,base,0.21116534689931746,10,3.5811855956383115e6,248500,10
Brusselator,10201,closure,0.0580015621230162,11,3.581185595639116e6,248500,10
Brusselator,10301,base,0.06695709397577543,10,3.570714263856168e6,248500,10
Brusselator,10301,closure,0.09664401756996484,11,3.570714263857392e6,248500,10
Brusselator,10401,base,0.09753243957951609,10,3.6064658264048696e6,248500,10
Brusselator,10401,closure,0.06009015409422661,11,3.6064658264052514e6,248500,10
Brusselator,10501,base,0.22437714509666817,10,3.574008052224906e6,248500,10
Brusselator,10501,closure,0.047622328625679444,11,3.574008052228177e6,248500,10
Brusselator,10601,base,0.15222501967619895,10,3.597280486387371e6,248500,10
Brusselator,10601,closure,0.06138809481798774,11,3.597280486387548e6,248500,10
Brusselator,10701,base,0.14846638736103884,10,3.6192042614270975e6,248500,10
Brusselator,10701,closure,0.05365782812684382,11,3.6192042614258714e6,248500,10
Brusselator,10801,base,0.13895910452752494,10,3.5858476152140587e6,248500,10
Brusselator,10801,closure,0.09164536242102131,11,3.5858476152124936e6,248500,10
Brusselator,10901,base,0.13597926674600808,10,3.5156363401661683e6,248500,10
Brusselator,10901,closure,0.06819113694926199,11,3.515636340166935e6,248500,10
Brusselator,11001,base,0.1532542616023169,10,3.5770119228474214e6,248500,10
Brusselator,11001,closure,0.006788123422696332,11,3.577011922847745e6,248500,10
Brusselator,11101,base,0.16399102386882833,10,3.517920831014513e6,248500,10
Brusselator,11101,closure,0.023650409082651504,11,3.5179208310150113e6,248500,10
Brusselator,11201,base,0.18985691740813093,10,3.519568468310552e6,248500,10
Brusselator,11201,closure,0.047943043759119584,11,3.519568468312112e6,248500,10
Brusselator,11301,base,0.17400218342498083,10,3.528626147993903e6,248500,10
Brusselator,11301,closure,0.04841842604907258,11,3.5286261479933453e6,248500,10
Brusselator,11401,base,0.2385564817506127,10,3.5499205634267447e6,248500,10
Brusselator,11401,closure,0.05745859647390862,11,3.549920563427554e6,248500,10
Brusselator,11501,base,0.1647317735417223,10,3.536769681043381e6,248500,10
Brusselator,11501,closure,0.018607926411113335,11,3.53676968104338e6,248500,10
Brusselator,11601,base,0.17005664519207514,10,3.4003994111683345e6,248500,10
Brusselator,11601,closure,0.026934213483482287,11,3.4003994111694405e6,248500,10
Brusselator,11701,base,0.18071239852595244,10,3.61828077832228e6,248500,10
Brusselator,11701,closure,0.008688532900977746,11,3.618280778323499e6,248500,10
Brusselator,11801,base,0.13188925430909054,10,3.614131318360894e6,248500,10
Brusselator,11801,closure,0.0482231116114082,11,3.6141313183616484e6,248500,10
Brusselator,11901,base,0.13770530872347206,10,3.487510175807289e6,248500,10
Brusselator,11901,closure,0.049089874207750815,11,3.4875101758048697e6,248500,10
Brusselator,12001,base,0.13187631791374838,10,3.66401250449904e6,248500,10
Brusselator,12001,closure,0.02374319509206646,11,3.6640125044981865e6,248500,10
MAPK cascade,10101,base,0.05475226727138649,12,24758.255084052198,96000,36
MAPK cascade,10101,closure,0.03255470233669112,15,24758.255084052653,96000,36
MAPK cascade,10201,base,0.06451628042588532,12,24482.36422242468,96000,36
MAPK cascade,10201,closure,0.03632970218944513,15,24482.364222425003,96000,36
MAPK cascade,10301,base,0.05312112139657175,12,24651.856308424794,96000,36
MAPK cascade,10301,closure,0.02766986981443839,15,24651.856308424383,96000,36
MAPK cascade,10401,base,0.04135768463739193,12,24347.26448397106,96000,36
MAPK cascade,10401,closure,0.015584974696670566,15,24347.264483970695,96000,36
MAPK cascade,10501,base,0.027995402349525765,12,24527.32127502242,96000,36
MAPK cascade,10501,closure,0.049007818007563805,15,24527.321275022518,96000,36
MAPK cascade,10601,base,0.0481109689154273,12,24545.39841093165,96000,36
MAPK cascade,10601,closure,0.027496688368657117,15,24545.398410931,96000,36
MAPK cascade,10701,base,0.03760157303839913,12,24733.95121606974,96000,36
MAPK cascade,10701,closure,0.025260253271707715,15,24733.951216070334,96000,36
MAPK cascade,10801,base,0.027093746379233286,12,24806.861332935507,96000,36
MAPK cascade,10801,closure,0.02967977219847035,15,24806.86133293581,96000,36
MAPK cascade,10901,base,0.05020728983739835,12,24555.253487064598,96000,36
MAPK cascade,10901,closure,0.026068808368051477,15,24555.253487065038,96000,36
MAPK cascade,11001,base,0.06926007961473743,12,24330.585557586637,96000,36
MAPK cascade,11001,closure,0.042579458300070865,15,24330.58555758675,96000,36
MAPK cascade,11101,base,0.04250468533279038,12,24954.88188302489,96000,36
MAPK cascade,11101,closure,0.030926630766020334,15,24954.881883025027,96000,36
MAPK cascade,11201,base,0.06817469426674641,12,24728.37109358662,96000,36
MAPK cascade,11201,closure,0.03944922321853598,15,24728.37109358691,96000,36
MAPK cascade,11301,base,0.0510376588862151,12,24822.528883617906,96000,36
MAPK cascade,11301,closure,0.037761805038446616,15,24822.528883617062,96000,36
MAPK cascade,11401,base,0.03934696559431587,12,24641.41050795824,96000,36
MAPK cascade,11401,closure,0.024322288079633873,15,24641.41050795841,96000,36
MAPK cascade,11501,base,0.05974451909196852,12,24302.057944241507,96000,36
MAPK cascade,11501,closure,0.04329685592699871,15,24302.05794424133,96000,36
MAPK cascade,11601,base,0.04212404198279899,12,24702.95065192575,96000,36
MAPK cascade,11601,closure,0.016138351437339087,15,24702.950651925996,96000,36
MAPK cascade,11701,base,0.062365495753032296,12,24942.46934769747,96000,36
MAPK cascade,11701,closure,0.03338683939435466,15,24942.469347696824,96000,36
MAPK cascade,11801,base,0.04981644794906076,12,24560.069795394218,96000,36
MAPK cascade,11801,closure,0.028112360679329894,15,24560.069795393953,96000,36
MAPK cascade,11901,base,0.03885294139604138,12,24808.85858526535,96000,36
MAPK cascade,11901,closure,0.016488532038720076,15,24808.85858526523,96000,36
MAPK cascade,12001,base,0.021606889996690113,12,24121.303806760705,96000,36
MAPK cascade,12001,closure,0.028224846416345494,15,24121.303806760872,96000,36
