lag,rate,method,estimate,truth,bootstrap_sd,reference,reference_se,bootstrap_valid,bootstrap_total,reference_valid
0.001,k1,raw,190.6969048012094,200.0,139.26345538444755,233.5024604264555,37.462839722197145,100,100,true
0.001,k2,raw,2.5293376276866453e-5,2.5e-5,9.255570971699367e-7,2.525098671467078e-5,3.6981949717194265e-7,100,100,true
0.001,k3,raw,3.03024661810143,3.0,0.44796574797671634,2.9639429499542045,0.17076061943551232,100,100,true
0.001,k4,raw,0.8091121519032046,1.0,0.15846823943421065,0.8815738574126885,0.05909226223324684,100,100,true
0.001,k1,defect,60.46647001882349,200.0,146.09529995588406,169.87198048222294,53.5935769695571,100,100,true
0.001,k2,defect,2.3719088536157373e-5,2.5e-5,1.459649791889701e-6,2.5109485058484247e-5,4.874086110762028e-7,100,100,true
0.001,k3,defect,3.641976227727297,3.0,0.7128507288179494,2.9870668638529057,0.2703938489038689,100,100,true
0.001,k4,defect,1.063000756171591,1.0,0.28748320215833867,0.8052092521296642,0.11356951592491052,100,100,true
0.001,k1,richardson,320.5676302520035,200.0,230.1100692368283,296.44202052601577,54.641845435886275,100,100,true
0.001,k2,richardson,2.6865426060540036e-5,2.5e-5,1.319676576510868e-6,2.5396493618940013e-5,5.403401506059612e-7,100,100,true
0.001,k3,richardson,2.4175865225297275,3.0,0.7688890350704183,2.937993768370465,0.24230874378818176,100,100,true
0.001,k4,richardson,0.5550022682345636,1.0,0.26848927609150725,0.9578982176884603,0.09785009618143745,100,100,true
0.002,k1,raw,245.8406564728187,200.0,85.56260597459779,228.51871733526323,27.47151443896157,100,100,true
0.002,k2,raw,2.4025462174860504e-5,2.5e-5,6.281508621819812e-7,2.5297465310107047e-5,2.2878312104594358e-7,100,100,true
0.002,k3,raw,3.593249189132095,3.0,0.27499140384331877,2.914582970937885,0.10727755214292066,100,100,true
0.002,k4,raw,0.922448054367543,1.0,0.11387891065180482,0.9302403270640097,0.03609696480755527,100,100,true
0.002,k1,defect,316.60183669945854,200.0,159.8808544834362,221.27151709164153,34.253918135362454,100,100,true
0.002,k2,defect,2.2337385321852923e-5,2.5e-5,8.937262219698098e-7,2.5357241166792633e-5,3.4223810274945266e-7,100,100,true
0.002,k3,defect,4.334918200798592,3.0,0.42284464146558065,2.8471478024697183,0.17166111854565835,100,100,true
0.002,k4,defect,1.0734206917580897,1.0,0.22423926717049786,0.9952737735571038,0.06708514629555354,100,100,true
0.002,k1,richardson,172.31565424400628,200.0,157.97202869592454,235.16370812351965,42.20411056700198,100,100,true
0.002,k2,richardson,2.57160143175675e-5,2.5e-5,1.0754108870434135e-6,2.5235493856224417e-5,4.363815378711458e-7,100,100,true
0.002,k3,richardson,2.842579094424557,3.0,0.5304357069994023,2.980396276293003,0.20259884075466125,100,100,true
0.002,k4,richardson,0.7713335177484084,1.0,0.19185049122825334,0.8653517008622162,0.07138608704388072,100,100,true
0.01,k1,raw,191.99691364500205,200.0,45.01446863578516,209.68715548055602,13.454583290537014,100,100,true
0.01,k2,raw,2.465548948289908e-5,2.5e-5,2.817412402399403e-7,2.5105509011609132e-5,9.031058756693362e-8,100,100,true
0.01,k3,raw,3.152552412863443,3.0,0.1227865308888661,2.9531014012445143,0.041614045291301166,100,100,true
0.01,k4,raw,1.0351280982597169,1.0,0.05670012170947942,1.0133799636909344,0.017254804254666942,100,100,true
0.01,k1,defect,135.13562547919298,200.0,70.61330905020391,197.92168918889053,24.742190823630892,100,100,true
0.01,k2,defect,2.4627065071651023e-5,2.5e-5,4.699112433330503e-7,2.4880940410577073e-5,1.7428099690677168e-7,100,100,true
0.01,k3,defect,3.039445376335034,3.0,0.19867672156174665,2.9753937709966043,0.08347870129203235,100,100,true
0.01,k4,defect,1.036049689899403,1.0,0.09878252336428071,1.038288883173795,0.027115138875163453,100,100,true
0.01,k1,richardson,242.11847189811533,200.0,71.82170090037204,206.26420581720512,24.315512020361783,100,100,true
0.01,k2,richardson,2.4690442584780842e-5,2.5e-5,4.794745847839823e-7,2.5321624114260534e-5,1.3651344121071388e-7,100,100,true
0.01,k3,richardson,3.2275130788280415,3.0,0.21296510804824856,2.8770771012911687,0.07956688627415769,100,100,true
0.01,k4,richardson,1.0371451990107645,1.0,0.09705664472411671,0.987897943492003,0.028731350007608264,100,100,true
0.02,k1,raw,212.68013500794316,200.0,29.80438892493231,214.5264530818742,8.885076322352212,100,100,true
0.02,k2,raw,2.4774610372948185e-5,2.5e-5,2.0008012751911914e-7,2.510696901169676e-5,6.303963458343303e-8,100,100,true
0.02,k3,raw,3.177394388466798,3.0,0.08236574833094619,3.0319646596746472,0.024562364838733943,100,100,true
0.02,k4,raw,1.0196974674404318,1.0,0.040539655353391525,1.003603742330899,0.014214076369722335,100,100,true
0.02,k1,defect,192.32929191904734,200.0,49.614492870428066,168.9745166692466,14.266645769594053,100,100,true
0.02,k2,defect,2.4945854574452282e-5,2.5e-5,3.300871982665945e-7,2.5050568557363888e-5,9.132110960109939e-8,100,100,true
0.02,k3,defect,3.0058612664450783,3.0,0.15282527052022055,2.9496399115512943,0.04609759859566937,100,100,true
0.02,k4,defect,1.000304178732576,1.0,0.06898066376503252,0.9913873302483284,0.017774315020318097,100,100,true
0.02,k1,richardson,185.10250652402172,200.0,53.62711022199434,208.0740562801166,15.995671733890314,100,100,true
0.02,k2,richardson,2.4615782532947503e-5,2.5e-5,3.341809969686496e-7,2.5105022358311377e-5,1.0576940246897239e-7,100,100,true
0.02,k3,richardson,3.144271754328989,3.0,0.15028235618794714,2.9268136484344636,0.051187658414706766,100,100,true
0.02,k4,richardson,1.0402716418661528,1.0,0.06700295358992898,1.0166387041442917,0.019057524241373802,100,100,true
0.1,k1,raw,611.8499183351008,200.0,33.56762424918153,603.9632407351012,8.852204489411502,100,100,true
0.1,k2,raw,2.6378225757646363e-5,2.5e-5,2.3828372632683034e-7,2.6348300247570478e-5,7.733526699240632e-8,100,100,true
0.1,k3,raw,4.443476525645697,3.0,0.06417119218483623,4.412722816479007,0.023299534475847736,100,100,true
0.1,k4,raw,0.9957093852719824,1.0,0.018849736378995157,0.9899385193187044,0.004782610335405386,100,100,true
0.1,k1,defect,12.75632597863057,200.0,24.79401865650352,0.0,3.5335110280306474,100,100,true
0.1,k2,defect,2.6868479399247253e-5,2.5e-5,1.931971039603831e-7,2.691378857537544e-5,4.757286793636292e-8,100,100,true
0.1,k3,defect,2.598735190899179,3.0,0.07550614645872376,2.5083582553195334,0.019568955460605626,100,100,true
0.1,k4,defect,1.0203152662396466,1.0,0.03232061521753915,1.0265511104415201,0.008400153065192588,100,100,true
0.1,k1,richardson,239.95556876081127,200.0,23.09668465970037,245.35527010570232,9.736644194235204,100,100,true
0.1,k2,richardson,2.4809170293532516e-5,2.5e-5,2.209172664983827e-7,2.5032938102191983e-5,6.674913510710959e-8,100,100,true
0.1,k3,richardson,3.2145585945392896,3.0,0.08368478162600085,3.1335515117915693,0.0251792556079233,100,100,true
0.1,k4,richardson,1.0152373969323438,1.0,0.03206371353734249,0.9997139012538798,0.007194451034776635,100,100,true
0.2,k1,raw,951.4528150369498,200.0,39.34666738847489,944.9434984053958,8.669322439132795,100,100,true
0.2,k2,raw,2.874890029199383e-5,2.5e-5,2.850108653903452e-7,2.8797202023525867e-5,6.903537533211559e-8,100,100,true
0.2,k3,raw,5.996433332158327,3.0,0.08221894216393655,5.95795092356276,0.02782374324235731,100,100,true
0.2,k4,raw,0.9454795628068123,1.0,0.018531680908404506,0.9385449505393775,0.00496423803510986,100,100,true
0.2,k1,defect,273.61886606461053,200.0,49.68888657562888,259.24701050126475,11.011147336829666,100,100,true
0.2,k2,defect,3.213726480551987e-5,2.5e-5,2.4457482675355985e-7,3.223082985580367e-5,6.30250518222976e-8,100,100,true
0.2,k3,defect,3.3759119036763217,3.0,0.09154333005872174,3.302358215226583,0.030284879469237972,100,100,true
0.2,k4,defect,1.058502547810514,1.0,0.01853319245425399,1.0561892528428294,0.0050779513582379305,100,100,true
0.2,k1,richardson,498.6489527678178,200.0,37.22728520321933,490.30315484500284,11.210482057317808,100,100,true
0.2,k2,richardson,2.5588000926261996e-5,2.5e-5,2.39028493525522e-7,2.553199960199286e-5,8.230503732609122e-8,100,100,true
0.2,k3,richardson,3.9258242568081263,3.0,0.06704224234915648,3.8976467807843886,0.02372069213422298,100,100,true
0.2,k4,richardson,1.0124526594271464,1.0,0.0193354032804202,1.0070697089118266,0.004840988950974792,100,100,true
0.4,k1,raw,1333.0296243073356,200.0,62.48944458570759,1325.4292816032157,23.072531633715812,100,100,true
0.4,k2,raw,3.138901446920095e-5,2.5e-5,3.5870140924280335e-7,3.132385168306902e-5,1.0003346196725986e-7,100,100,true
0.4,k3,raw,6.927340050308737,3.0,0.16912106900461635,6.864176096700165,0.049199837809077274,100,100,true
0.4,k4,raw,0.882360458863337,1.0,0.022513910985034576,0.8809018953360488,0.005637705635608712,100,100,true
0.4,k1,defect,1416.120890563143,200.0,59.470222575330226,1406.250501904406,22.5997754946525,100,100,true
0.4,k2,defect,3.523914493332944e-5,2.5e-5,3.45518383341712e-7,3.523190271229378e-5,1.0180241577585498e-7,100,100,true
0.4,k3,defect,5.808728869327779,3.0,0.1648280886619115,5.714278385131429,0.049325882971520255,100,100,true
0.4,k4,defect,1.039623337786714,1.0,0.023239757863444392,1.0467843722452623,0.006247248361970471,100,100,true
0.4,k1,richardson,824.2605452801547,200.0,55.484655799312534,818.1149040061221,12.547822817949314,100,100,true
0.4,k2,richardson,2.7868862393702262e-5,2.5e-5,3.5090973391400196e-7,2.795498533636359e-5,7.507635566830765e-8,100,100,true
0.4,k3,richardson,5.686131092774951,3.0,0.09267535998772897,5.6558758658503185,0.036090633339062414,100,100,true
0.4,k4,richardson,0.9665192641212774,1.0,0.018994167337291274,0.9577593022739811,0.005148379246613486,100,100,true
0.8,k1,raw,NaN,200.0,NaN,NaN,NaN,0,100,false
0.8,k2,raw,NaN,2.5e-5,NaN,NaN,NaN,0,100,false
0.8,k3,raw,NaN,3.0,NaN,NaN,NaN,0,100,false
0.8,k4,raw,NaN,1.0,NaN,NaN,NaN,0,100,false
0.8,k1,defect,NaN,200.0,NaN,NaN,NaN,0,100,false
0.8,k2,defect,NaN,2.5e-5,NaN,NaN,NaN,0,100,false
0.8,k3,defect,NaN,3.0,NaN,NaN,NaN,0,100,false
0.8,k4,defect,NaN,1.0,NaN,NaN,NaN,0,100,false
0.8,k1,richardson,NaN,200.0,NaN,NaN,NaN,0,100,false
0.8,k2,richardson,NaN,2.5e-5,NaN,NaN,NaN,0,100,false
0.8,k3,richardson,NaN,3.0,NaN,NaN,NaN,0,100,false
0.8,k4,richardson,NaN,1.0,NaN,NaN,NaN,0,100,false
1.6,k1,raw,NaN,200.0,NaN,NaN,NaN,0,100,false
1.6,k2,raw,NaN,2.5e-5,NaN,NaN,NaN,0,100,false
1.6,k3,raw,NaN,3.0,NaN,NaN,NaN,0,100,false
1.6,k4,raw,NaN,1.0,NaN,NaN,NaN,0,100,false
1.6,k1,defect,NaN,200.0,NaN,NaN,NaN,0,100,false
1.6,k2,defect,NaN,2.5e-5,NaN,NaN,NaN,0,100,false
1.6,k3,defect,NaN,3.0,NaN,NaN,NaN,0,100,false
1.6,k4,defect,NaN,1.0,NaN,NaN,NaN,0,100,false
1.6,k1,richardson,NaN,200.0,NaN,NaN,NaN,0,100,false
1.6,k2,richardson,NaN,2.5e-5,NaN,NaN,NaN,0,100,false
1.6,k3,richardson,NaN,3.0,NaN,NaN,NaN,0,100,false
1.6,k4,richardson,NaN,1.0,NaN,NaN,NaN,0,100,false
3.2,k1,raw,NaN,200.0,NaN,NaN,NaN,0,100,false
3.2,k2,raw,NaN,2.5e-5,NaN,NaN,NaN,0,100,false
3.2,k3,raw,NaN,3.0,NaN,NaN,NaN,0,100,false
3.2,k4,raw,NaN,1.0,NaN,NaN,NaN,0,100,false
3.2,k1,defect,NaN,200.0,NaN,NaN,NaN,0,100,false
3.2,k2,defect,NaN,2.5e-5,NaN,NaN,NaN,0,100,false
3.2,k3,defect,NaN,3.0,NaN,NaN,NaN,0,100,false
3.2,k4,defect,NaN,1.0,NaN,NaN,NaN,0,100,false
3.2,k1,richardson,NaN,200.0,NaN,NaN,NaN,0,100,false
3.2,k2,richardson,NaN,2.5e-5,NaN,NaN,NaN,0,100,false
3.2,k3,richardson,NaN,3.0,NaN,NaN,NaN,0,100,false
3.2,k4,richardson,NaN,1.0,NaN,NaN,NaN,0,100,false
6.4,k1,raw,NaN,200.0,NaN,NaN,NaN,0,100,false
6.4,k2,raw,NaN,2.5e-5,NaN,NaN,NaN,0,100,false
6.4,k3,raw,NaN,3.0,NaN,NaN,NaN,0,100,false
6.4,k4,raw,NaN,1.0,NaN,NaN,NaN,0,100,false
6.4,k1,defect,NaN,200.0,NaN,NaN,NaN,0,100,false
6.4,k2,defect,NaN,2.5e-5,NaN,NaN,NaN,0,100,false
6.4,k3,defect,NaN,3.0,NaN,NaN,NaN,0,100,false
6.4,k4,defect,NaN,1.0,NaN,NaN,NaN,0,100,false
6.4,k1,richardson,NaN,200.0,NaN,NaN,NaN,0,100,false
6.4,k2,richardson,NaN,2.5e-5,NaN,NaN,NaN,0,100,false
6.4,k3,richardson,NaN,3.0,NaN,NaN,NaN,0,100,false
6.4,k4,richardson,NaN,1.0,NaN,NaN,NaN,0,100,false
