lag,ensemble,eigenvalue_real,eigenvalue_imag
0.0005,1000,0.9998042609980823,0.0
0.0005,1000,0.9999318153479415,-0.004804815953071559
0.0005,1000,0.9999318153479415,0.004804815953071559
0.0005,1000,0.9999565554741259,-0.0014619542091088825
0.0005,1000,0.9999565554741259,0.0014619542091088825
0.0005,1000,0.9999629489947502,-0.000631048228715029
0.0005,1000,0.9999629489947502,0.000631048228715029
0.0005,1000,0.9999825221414353,-0.00027229787699157865
0.0005,1000,0.9999825221414353,0.00027229787699157865
0.0005,1000,1.0000000000000009,0.0
0.001,1000,0.9995857477279536,0.0
0.001,1000,0.9997600642887814,-0.009595800886190099
0.001,1000,0.9997600642887814,0.009595800886190099
0.001,1000,0.9998788285298263,-0.0029632339244793685
0.001,1000,0.9998788285298263,0.0029632339244793685
0.001,1000,0.9998970136443786,-0.0012363653076289626
0.001,1000,0.9998970136443786,0.0012363653076289626
0.001,1000,0.9999428694843199,-0.0005539548322118427
0.001,1000,0.9999428694843199,0.0005539548322118427
0.001,1000,0.9999999999999988,0.0
0.002,1000,0.9990746854873687,0.0
0.002,1000,0.9992501017143717,-0.01895970946885574
0.002,1000,0.9992501017143717,0.01895970946885574
0.002,1000,0.9996562365029427,-0.005962242554907418
0.002,1000,0.9996562365029427,0.005962242554907418
0.002,1000,0.9997230451014376,-0.0024973995981314168
0.002,1000,0.9997230451014376,0.0024973995981314168
0.002,1000,0.9998954288972917,-0.0011064705756799649
0.002,1000,0.9998954288972917,0.0011064705756799649
0.002,1000,1.0000000000000007,0.0
0.005,1000,0.996835531400279,-0.04766582646039217
0.005,1000,0.996835531400279,0.04766582646039217
0.005,1000,0.9977076947128383,0.0
0.005,1000,0.9990052563454157,-0.014920094214695933
0.005,1000,0.9990052563454157,0.014920094214695933
0.005,1000,0.999223555058902,-0.00624349727055312
0.005,1000,0.999223555058902,0.00624349727055312
0.005,1000,0.9997504346942172,-0.0027487543365369493
0.005,1000,0.9997504346942172,0.0027487543365369493
0.005,1000,0.9999999999999999,0.0
0.01,1000,0.9898838657564444,-0.09521838817025374
0.01,1000,0.9898838657564444,0.09521838817025374
0.01,1000,0.9949029462879452,0.0
0.01,1000,0.9973548087834087,-0.029722056050469597
0.01,1000,0.9973548087834087,0.029722056050469597
0.01,1000,0.9983543211644714,-0.012609822884334513
0.01,1000,0.9983543211644714,0.012609822884334513
0.01,1000,0.9994927923193915,-0.005474573790197451
0.01,1000,0.9994927923193915,0.005474573790197451
0.01,1000,1.0000000000000002,0.0
0.02,1000,0.9639211659111985,-0.18645159250802312
0.02,1000,0.9639211659111985,0.18645159250802312
0.02,1000,0.9882938459178225,0.0
0.02,1000,0.9919939702057381,-0.05879154466536909
0.02,1000,0.9919939702057381,0.05879154466536909
0.02,1000,0.9959108650317564,-0.02500435390418763
0.02,1000,0.9959108650317564,0.02500435390418763
0.02,1000,0.9989209067134143,-0.010796582385279677
0.02,1000,0.9989209067134143,0.010796582385279677
0.02,1000,1.0000000000000009,0.0
0.05,1000,0.8077869886189322,-0.404964607239483
0.05,1000,0.8077869886189322,0.404964607239483
0.05,1000,0.9582031924821268,0.0
0.05,1000,0.9616086618080727,-0.14191548688419783
0.05,1000,0.9616086618080727,0.14191548688419783
0.05,1000,0.9838721097776482,-0.06095104419643494
0.05,1000,0.9838721097776482,0.06095104419643494
0.05,1000,0.9968673221456307,-0.026409401042381073
0.05,1000,0.9968673221456307,0.026409401042381073
0.05,1000,1.0000000000000024,0.0
0.1,1000,0.4640962586116527,-0.5328846426986804
0.1,1000,0.4640962586116527,0.5328846426986804
0.1,1000,0.8767083381753615,-0.2560655427595328
0.1,1000,0.8767083381753615,0.2560655427595328
0.1,1000,0.8798169962076443,0.0
0.1,1000,0.9546455125374282,-0.1170547346463678
0.1,1000,0.9546455125374282,0.1170547346463678
0.1,1000,0.9932713899062025,-0.051747106520302635
0.1,1000,0.9932713899062025,0.051747106520302635
0.1,1000,0.9999999999999996,0.0
0.2,1000,0.07933226102267166,-0.37117498048627345
0.2,1000,0.07933226102267166,0.37117498048627345
0.2,1000,0.6664135317521035,0.0
0.2,1000,0.6774946862132771,-0.39324641170707114
0.2,1000,0.6774946862132771,0.39324641170707114
0.2,1000,0.8882041906093259,-0.21444882657412714
0.2,1000,0.8882041906093259,0.21444882657412714
0.2,1000,0.9848955718514091,-0.10178317152985554
0.2,1000,0.9848955718514091,0.10178317152985554
0.2,1000,1.0000000000000002,0.0
0.4,1000,-0.03292890451593823,-0.1335948992745196
0.4,1000,-0.03292890451593823,0.1335948992745196
0.4,1000,0.30214493937679715,0.0
0.4,1000,0.34196612081148114,-0.4827523424859892
0.4,1000,0.34196612081148114,0.4827523424859892
0.4,1000,0.74568240674776,-0.3698357350015567
0.4,1000,0.74568240674776,0.3698357350015567
0.4,1000,0.9620555114304035,-0.1997632581844182
0.4,1000,0.9620555114304035,0.1997632581844182
0.4,1000,1.0,0.0
0.8,1000,-0.10485886321656306,-0.3580745802536971
0.8,1000,-0.10485886321656306,0.3580745802536971
0.8,1000,-0.10005404733719057,0.0
0.8,1000,-0.024012992137829127,0.0
0.8,1000,0.13448070547601682,0.0
0.8,1000,0.4308401627723353,-0.5600689574461355
0.8,1000,0.4308401627723353,0.5600689574461355
0.8,1000,0.891047632068188,-0.38512179207387187
0.8,1000,0.891047632068188,0.38512179207387187
0.8,1000,0.9999999999999968,0.0
1.6,1000,-0.23033741925228168,0.0
1.6,1000,-0.13645241917424808,-0.5493273454840129
1.6,1000,-0.13645241917424808,0.5493273454840129
1.6,1000,-0.07655827958822627,0.0
1.6,1000,0.008494042360630182,-0.008399862359128117
1.6,1000,0.008494042360630182,0.008399862359128117
1.6,1000,0.09602109747520607,0.0
1.6,1000,0.653582786377578,-0.6939686316829001
1.6,1000,0.653582786377578,0.6939686316829001
1.6,1000,0.9999999999999988,0.0
3.2,1000,-0.4543038352129651,0.0
3.2,1000,-0.3139801286278747,0.0
3.2,1000,-0.05347944942825289,-0.9256794671517603
3.2,1000,-0.05347944942825289,0.9256794671517603
3.2,1000,-0.0008019302051896977,-8.082246962437307e-5
3.2,1000,-0.0008019302051896977,8.082246962437307e-5
3.2,1000,0.010406117160836401,0.0
3.2,1000,0.026591155431798595,0.0
3.2,1000,0.07526436801133261,0.0
3.2,1000,0.999999999999998,0.0
6.4,1000,-0.8855227420078181,-0.09629913398263172
6.4,1000,-0.8855227420078181,0.09629913398263172
6.4,1000,-0.017636960640767523,-0.005317724396712448
6.4,1000,-0.017636960640767523,0.005317724396712448
6.4,1000,-0.0004601207036475118,0.0
6.4,1000,0.000290568265259194,-0.00018635441630616395
6.4,1000,0.000290568265259194,0.00018635441630616395
6.4,1000,0.18256155171409869,0.0
6.4,1000,0.3767111136587577,0.0
6.4,1000,0.9999999999999986,0.0
0.0005,10000,0.9997914530507901,0.0
0.0005,10000,0.9999024677874665,-0.004841225201881119
0.0005,10000,0.9999024677874665,0.004841225201881119
0.0005,10000,0.9999461831604175,-0.0014889193497287462
0.0005,10000,0.9999461831604175,0.0014889193497287462
0.0005,10000,0.9999493422878841,-0.0006329443099047391
0.0005,10000,0.9999493422878841,0.0006329443099047391
0.0005,10000,0.9999750525105333,-0.00027373865169925943
0.0005,10000,0.9999750525105333,0.00027373865169925943
0.0005,10000,1.0000000000000093,0.0
0.001,10000,0.999600748840922,0.0
0.001,10000,0.9997897083167917,-0.009674135934099281
0.001,10000,0.9997897083167917,0.009674135934099281
0.001,10000,0.9998816873882257,-0.0029772691641934525
0.001,10000,0.9998816873882257,0.0029772691641934525
0.001,10000,0.9999091713805114,-0.001276091137748257
0.001,10000,0.9999091713805114,0.001276091137748257
0.001,10000,0.9999507885003575,-0.0005545388816605592
0.001,10000,0.9999507885003575,0.0005545388816605592
0.001,10000,1.0000000000000058,0.0
0.002,10000,0.9991566563910214,0.0
0.002,10000,0.9993802255775401,-0.019323432438277364
0.002,10000,0.9993802255775401,0.019323432438277364
0.002,10000,0.9997251954541504,-0.005966591996988711
0.002,10000,0.9997251954541504,0.005966591996988711
0.002,10000,0.9997875347983438,-0.002548969620673079
0.002,10000,0.9997875347983438,0.002548969620673079
0.002,10000,0.999904002494489,-0.0011053821995346547
0.002,10000,0.999904002494489,0.0011053821995346547
0.002,10000,1.000000000000007,0.0
0.005,10000,0.9970783897569651,-0.048274070944166664
0.005,10000,0.9970783897569651,0.048274070944166664
0.005,10000,0.9976883255242888,0.0
0.005,10000,0.9990899413535348,-0.014919673010782493
0.005,10000,0.9990899413535348,0.014919673010782493
0.005,10000,0.9993659517083758,-0.006381609887491039
0.005,10000,0.9993659517083758,0.006381609887491039
0.005,10000,0.999753073947736,-0.002746174496076486
0.005,10000,0.999753073947736,0.002746174496076486
0.005,10000,1.000000000000007,0.0
0.01,10000,0.9898669353412514,-0.09584408519548221
0.01,10000,0.9898669353412514,0.09584408519548221
0.01,10000,0.9950319346760796,0.0
0.01,10000,0.9974772371847651,-0.02977817439225255
0.01,10000,0.9974772371847651,0.02977817439225255
0.01,10000,0.9984770339667599,-0.012684266662062661
0.01,10000,0.9984770339667599,0.012684266662062661
0.01,10000,0.9994775796265696,-0.005465696119465228
0.01,10000,0.9994775796265696,0.005465696119465228
0.01,10000,1.0000000000000064,0.0
0.02,10000,0.9633207718758545,-0.18763798886783878
0.02,10000,0.9633207718758545,0.18763798886783878
0.02,10000,0.988430192015111,0.0
0.02,10000,0.9922221115111056,-0.059194493981019974
0.02,10000,0.9922221115111056,0.059194493981019974
0.02,10000,0.9960226956431397,-0.025183757169782994
0.02,10000,0.9960226956431397,0.025183757169782994
0.02,10000,0.9988562901987132,-0.010821477098212866
0.02,10000,0.9988562901987132,0.010821477098212866
0.02,10000,1.0000000000000047,0.0
0.05,10000,0.8063800962056371,-0.4066423139881306
0.05,10000,0.8063800962056371,0.4066423139881306
0.05,10000,0.9584031597595976,0.0
0.05,10000,0.9617597092757806,-0.14260587827185062
0.05,10000,0.9617597092757806,0.14260587827185062
0.05,10000,0.9838861448029408,-0.06121104224978715
0.05,10000,0.9838861448029408,0.06121104224978715
0.05,10000,0.9968747791144928,-0.026376611022759726
0.05,10000,0.9968747791144928,0.026376611022759726
0.05,10000,1.000000000000004,0.0
0.1,10000,0.4632514454419978,-0.5337059132586421
0.1,10000,0.4632514454419978,0.5337059132586421
0.1,10000,0.8768388438718435,-0.2563385346967981
0.1,10000,0.8768388438718435,0.2563385346967981
0.1,10000,0.878342538660984,0.0
0.1,10000,0.954499619788068,-0.11662761847146931
0.1,10000,0.954499619788068,0.11662761847146931
0.1,10000,0.9932792456102926,-0.05163502128596107
0.1,10000,0.9932792456102926,0.05163502128596107
0.1,10000,1.0000000000000062,0.0
0.2,10000,0.07856742429638378,-0.37081117502844496
0.2,10000,0.07856742429638378,0.37081117502844496
0.2,10000,0.6623000686175257,0.0
0.2,10000,0.6777167250742024,-0.39287254196110594
0.2,10000,0.6777167250742024,0.39287254196110594
0.2,10000,0.8882645648124496,-0.21374171609571777
0.2,10000,0.8882645648124496,0.21374171609571777
0.2,10000,0.9849464168617628,-0.10160625069952195
0.2,10000,0.9849464168617628,0.10160625069952195
0.2,10000,1.0000000000000056,0.0
0.4,10000,-0.03323838292255343,-0.1340489995849667
0.4,10000,-0.03323838292255343,0.1340489995849667
0.4,10000,0.2972625467577729,0.0
0.4,10000,0.34395401683271354,-0.48227400874802007
0.4,10000,0.34395401683271354,0.48227400874802007
0.4,10000,0.746143227967349,-0.36887245163710725
0.4,10000,0.746143227967349,0.36887245163710725
0.4,10000,0.9621886986164941,-0.19949365663669347
0.4,10000,0.9621886986164941,0.19949365663669347
0.4,10000,1.0000000000000064,0.0
0.8,10000,-0.10278614720233326,-0.35878907906118407
0.8,10000,-0.10278614720233326,0.35878907906118407
0.8,10000,-0.10064095570700181,0.0
0.8,10000,-0.0245979054399599,0.0
0.8,10000,0.13165899594914302,0.0
0.8,10000,0.4316352825958855,-0.5589765594373513
0.8,10000,0.4316352825958855,0.5589765594373513
0.8,10000,0.8913759647871733,-0.3846894094248557
0.8,10000,0.8913759647871733,0.3846894094248557
0.8,10000,1.0000000000000053,0.0
1.6,10000,-0.231721531262646,0.0
1.6,10000,-0.13589721133859767,-0.5493321794495698
1.6,10000,-0.13589721133859767,0.5493321794495698
1.6,10000,-0.07653874725519222,0.0
1.6,10000,0.008025657044259088,-0.008444430755214767
1.6,10000,0.008025657044259088,0.008444430755214767
1.6,10000,0.0951374436980174,0.0
1.6,10000,0.6543892978378334,-0.6934344276377312
1.6,10000,0.6543892978378334,0.6934344276377312
1.6,10000,1.0000000000000058,0.0
3.2,10000,-0.45546929104384176,0.0
3.2,10000,-0.3131181553619552,0.0
3.2,10000,-0.05165324338863271,-0.9260381282511442
3.2,10000,-0.05165324338863271,0.9260381282511442
3.2,10000,-0.0008385684523561,-0.00014827750956109
3.2,10000,-0.0008385684523561,0.00014827750956109
3.2,10000,0.008805396588446536,0.0
3.2,10000,0.029229177231965057,0.0
3.2,10000,0.07562057831875679,0.0
3.2,10000,1.000000000000006,0.0
6.4,10000,-0.8862330258353348,-0.09255105570075983
6.4,10000,-0.8862330258353348,0.09255105570075983
6.4,10000,-0.018799701065489626,0.0
6.4,10000,-0.012736333124205601,0.0
6.4,10000,-0.0005014926132996487,0.0
6.4,10000,-4.903776110135932e-5,0.0
6.4,10000,4.127476272943887e-5,0.0
6.4,10000,0.18218863834802002,0.0
6.4,10000,0.37994756428368354,0.0
6.4,10000,1.0000000000000067,0.0
