lag,ensemble,branch_margin,min_eigenvalue_real,max_eigenvalue_modulus,admissible
0.0005,1000,0.9121071340606346,0.9998042609980823,1.0000000000000009,true
0.001,1000,0.8352595179723349,0.9995857477279536,0.9999999999999988,true
0.002,1000,0.7087682274096256,0.9990746854873687,1.0000000000000007,true
0.005,1000,0.4501541357585561,0.996835531400279,0.9999999999999999,true
0.01,1000,0.25348333233876047,0.9898838657564444,1.0000000000000002,true
0.02,1000,0.12525709841736446,0.9639211659111985,1.0000000000000009,true
0.05,1000,0.03927672372102348,0.8077869886189322,1.0000000000000024,true
0.1,1000,0.011238194497560897,0.4640962586116527,0.9999999999999996,true
0.2,1000,0.0018772179898241745,0.07933226102267166,1.0000000000000002,true
0.4,1000,0.0002390733026260785,-0.03292890451593823,1.0,true
0.8,1000,0.0,-0.10485886321656306,0.9999999999999968,false
1.6,1000,0.0,-0.23033741925228168,0.9999999999999988,false
3.2,1000,0.0,-0.4543038352129651,0.999999999999998,false
6.4,1000,0.0,-0.8855227420078181,0.9999999999999986,false
0.0005,10000,0.9086931525063301,0.9997914530507901,1.0000000000000093,true
0.001,10000,0.8297452906251167,0.999600748840922,1.0000000000000058,true
0.002,10000,0.6972667273303973,0.9991566563910214,1.000000000000007,true
0.005,10000,0.43842954222872654,0.9970783897569651,1.000000000000007,true
0.01,10000,0.2516715665385404,0.9898669353412514,1.0000000000000064,true
0.02,10000,0.12430583205886658,0.9633207718758545,1.0000000000000047,true
0.05,10000,0.03912731500217203,0.8063800962056371,1.000000000000004,true
0.1,10000,0.011224342749192996,0.4632514454419978,1.0000000000000062,true
0.2,10000,0.0018774088478124757,0.07856742429638378,1.0000000000000056,true
0.4,10000,0.00024121394304479207,-0.03323838292255343,1.0000000000000064,true
0.8,10000,0.0,-0.10278614720233326,1.0000000000000053,false
1.6,10000,0.0,-0.231721531262646,1.0000000000000058,false
3.2,10000,0.0,-0.45546929104384176,1.000000000000006,false
6.4,10000,0.0,-0.8862330258353348,1.0000000000000067,false
