lag,rate,estimate,truth,bootstrap_sd,linearized_sd,relative_rmse_bootstrap,condition_physical,reference,reference_se,bootstrap_valid,bootstrap_total,reference_valid
0.0005,k1,288.0999404866301,200.0,191.36533720093897,191.17404974604773,1.1202047677296456,1.8465415039848752e9,280.7071281586012,52.90448651193723,100,100,true
0.0005,k2,2.6472413605282205e-5,2.5e-5,1.2284767399353685e-6,1.2255925283402967e-6,0.07927746033476887,1418.2948137330573,2.5360116923253883e-5,4.779325890629164e-7,100,100,true
0.0005,k3,2.5707515588146657,3.0,0.6139923881676913,0.6142703377898223,0.24291712802269327,3.9888168583405185e6,2.9444810438903217,0.210597185696801,100,100,true
0.0005,k4,0.6185297108699213,1.0,0.2775105232065848,0.2774596868787935,0.45865559532233197,5.640183221086042e6,0.938817142091708,0.08078562493801658,100,100,true
0.001,k1,190.69690307508117,200.0,135.3902984620413,134.68948209705496,0.6748609750205656,1.8004648531889975e9,233.5024598878864,42.24776281225312,100,100,true
0.001,k2,2.5293376291231366e-5,2.5e-5,9.825358117271129e-7,9.847942195958696e-7,0.0433133559393157,710.29765303734,2.5250986722044326e-5,3.6719150544314265e-7,100,100,true
0.001,k3,3.030246625494553,3.0,0.4421560396844104,0.4439827436648646,0.14669150118362692,3.8466581865297644e6,2.9639429515611635,0.16986234289039898,100,100,true
0.001,k4,0.8091121408403805,1.0,0.19054314752450235,0.19001073407187663,0.25778871715141977,5.4457566295909155e6,0.8815738545126344,0.058991000790810336,100,100,true
0.002,k1,245.84065671479536,200.0,97.38129377697946,97.00081260804198,0.558671559030241,1.8377169192173872e9,228.5187167717528,27.63420713322418,100,100,true
0.002,k2,2.4025462175612883e-5,2.5e-5,7.227691847821328e-7,7.212913151609862e-7,0.04673535475066029,363.8960954556603,2.5297465305393227e-5,2.2789991888902264e-7,100,100,true
0.002,k3,3.593249191315328,3.0,0.3006230819912931,0.3003207596075443,0.21998309783244888,3.69141804967656e6,2.914582974427847,0.10732475424254816,100,100,true
0.002,k4,0.9224480525104459,1.0,0.12124448582936043,0.12130314893599516,0.14136803117498256,5.21129859701568e6,0.9302403227063212,0.03608693019798919,100,100,true
0.005,k1,229.58808209953526,200.0,58.020146286355605,57.987854698978246,0.35851625939315396,1.9339157788253696e9,207.11994286958605,20.006673036121118,100,100,true
0.005,k2,2.4681704301778814e-5,2.5e-5,4.215168210816864e-7,4.2052811099326836e-7,0.020032108705700213,148.81138084320196,2.52675953402116e-5,1.1400803830504347e-7,100,100,true
0.005,k3,3.208772912881096,3.0,0.18032157482269173,0.18070344522297627,0.09130791080492116,3.7081658015488763e6,2.8960831759140095,0.06483261146640494,100,100,true
0.005,k4,1.036640922797008,1.0,0.07557196629140014,0.07545309579745002,0.08614626041109726,5.626804346959666e6,0.9942684482117863,0.02459330638043709,100,100,true
0.01,k1,191.99691342076065,200.0,40.73420011881812,40.43971780603627,0.2033676134388298,1.7579727998999453e9,209.6871553008542,13.569697526856963,100,100,true
0.01,k2,2.4655489483329046e-5,2.5e-5,2.6754799309822163e-7,2.6710125180874673e-7,0.016189103208190947,73.3514382362625,2.5105509025160338e-5,9.08446420756512e-8,100,100,true
0.01,k3,3.152552412323989,3.0,0.11155165497826937,0.11140958022975482,0.059668189795616666,5.404207372776711e6,2.953101401574565,0.04211900017912276,100,100,true
0.01,k4,1.0351280983607447,1.0,0.05579530709862144,0.05588566890026632,0.06683334361475415,6.732189777208027e6,1.0133799630558014,0.017245020176061384,100,100,true
0.02,k1,212.68013491947175,200.0,30.118659121643457,30.087164736468974,0.16612753367327854,3.3476684843196015e9,214.5264530709373,8.86455920844859,100,100,true
0.02,k2,2.4774610354794772e-5,2.5e-5,1.774779174650746e-7,1.766901251663822e-7,0.011012230787369851,82.9735513061785,2.5106969004007903e-5,6.309456944078236e-8,100,100,true
0.02,k3,3.177394388496428,3.0,0.0795511857202719,0.0792819377216079,0.06194886645315584,1.5176860710163912e7,3.0319646599858645,0.024590500790560677,100,100,true
0.02,k4,1.0196974672428447,1.0,0.040737898154013776,0.04071539194937077,0.0458566228402007,1.0069035894945327e7,1.0036037420131656,0.014258765787553437,100,100,true
0.05,k1,332.9291561109588,200.0,23.80223840020915,23.830545489181162,0.6809725790749102,2.253916845793265e10,335.00726272161,7.716660994168748,100,100,true
0.05,k2,2.5201434172551527e-5,2.5e-5,1.7088288399438604e-7,1.7170053784442115e-7,0.010533559633228006,325.6635565510002,2.5361778626544452e-5,5.4418543711886494e-8,100,100,true
0.05,k3,3.5217880775935417,3.0,0.06541030603289878,0.06563923214189955,0.17562655135045135,6.039490145710636e7,3.4533443381089457,0.02186345603300045,100,100,true
0.05,k4,1.0103553936498826,1.0,0.02806167018215467,0.0280911260992695,0.03044490191018632,1.949228658757914e7,0.9972700555521099,0.006081894085825609,100,100,true
0.1,k1,611.8499183361888,200.0,32.04219548006399,32.066589213096535,2.0640160050411103,9.744083736366805e10,603.9632407332718,8.81790708275309,100,100,true
0.1,k2,2.6378225784412573e-5,2.5e-5,2.2796264513241724e-7,2.287348129141482e-7,0.055637978617043185,976.1315393415535,2.634830019352214e-5,7.746796287824243e-8,100,100,true
0.1,k3,4.443476525665446,3.0,0.06905451852352011,0.0689963676257345,0.48276750953412884,1.350177965936453e8,4.412722816533363,0.023522966955893815,100,100,true
0.1,k4,0.995709385252801,1.0,0.02023598233228543,0.020271162070993963,0.020212336712444826,3.479923944862495e7,0.9899385192549035,0.0047588751298676775,100,100,true
0.2,k1,951.4528150537033,200.0,40.69059699021028,40.23651594505899,3.7444915753836225,1.0919113089379525e12,944.9434983857082,8.46562591187542,100,100,true
0.2,k2,2.874890034871903e-5,2.5e-5,2.5673953670242803e-7,2.581079251621471e-7,0.1498911736427585,3315.037099258005,2.8797201972820232e-5,6.865742274251149e-8,100,100,true
0.2,k3,5.996433332227287,3.0,0.09128433161576698,0.0913653523806849,1.002223947346452,5.24711335033482e8,5.957950923591681,0.0282108796780633,100,100,true
0.2,k4,0.9454795627636043,1.0,0.020916110286708478,0.020944383609264042,0.05606406890033768,1.196997070013795e8,0.9385449504746859,0.004970702696170038,100,100,true
0.4,k1,1333.029624333654,200.0,78.01110489767167,76.72931641520607,5.647392685822686,1.99375290607097e13,1325.429281655856,22.461101193003923,100,100,true
0.4,k2,3.138901443152889e-5,2.5e-5,3.778108942310661e-7,3.743896024208754e-7,0.2557111892148236,28733.24604265364,3.132385168745118e-5,9.795414475264016e-8,100,100,true
0.4,k3,6.927340050356809,3.0,0.16379898396772763,0.1632073068500461,1.3181977982259467,1.5297357306585644e10,6.864176096692262,0.04725767499347014,100,100,true
0.4,k4,0.8823604588617169,1.0,0.024294124975907952,0.024195290304136922,0.11766687154241139,9.229461866334282e8,0.8809018953679839,0.005661668943551452,100,100,true
0.8,k1,NaN,200.0,NaN,NaN,NaN,NaN,NaN,NaN,0,100,false
0.8,k2,NaN,2.5e-5,NaN,NaN,NaN,NaN,NaN,NaN,0,100,false
0.8,k3,NaN,3.0,NaN,NaN,NaN,NaN,NaN,NaN,0,100,false
0.8,k4,NaN,1.0,NaN,NaN,NaN,NaN,NaN,NaN,0,100,false
1.6,k1,NaN,200.0,NaN,NaN,NaN,NaN,NaN,NaN,0,100,false
1.6,k2,NaN,2.5e-5,NaN,NaN,NaN,NaN,NaN,NaN,0,100,false
1.6,k3,NaN,3.0,NaN,NaN,NaN,NaN,NaN,NaN,0,100,false
1.6,k4,NaN,1.0,NaN,NaN,NaN,NaN,NaN,NaN,0,100,false
3.2,k1,NaN,200.0,NaN,NaN,NaN,NaN,NaN,NaN,0,100,false
3.2,k2,NaN,2.5e-5,NaN,NaN,NaN,NaN,NaN,NaN,0,100,false
3.2,k3,NaN,3.0,NaN,NaN,NaN,NaN,NaN,NaN,0,100,false
3.2,k4,NaN,1.0,NaN,NaN,NaN,NaN,NaN,NaN,0,100,false
6.4,k1,NaN,200.0,2284.6889952640354,NaN,28.813181902195037,NaN,NaN,NaN,4,100,false
6.4,k2,NaN,2.5e-5,4.223796957302932e-6,NaN,0.3017870645477673,NaN,NaN,NaN,4,100,false
6.4,k3,NaN,3.0,3.476560901228714,NaN,7.246407056566031,NaN,NaN,NaN,4,100,false
6.4,k4,NaN,1.0,1.3454292237255017,NaN,1.7020911066955398,NaN,NaN,NaN,4,100,false
