depth,dimension,lag,samples,relative_bias,relative_sampling_rms,predicted_relative_mse
1,3,0.03,100.0,4.7125854764183885e-5,2.6576074953267237,7.062877601437628
1,3,0.03,133.3521432163324,4.7125854764183885e-5,2.3013932764472442,5.296411015097428
1,3,0.03,177.82794100389228,4.7125854764183885e-5,1.9929244714240417,3.9717479510216425
1,3,0.03,237.13737056616552,4.7125854764183885e-5,1.7258014914044362,2.9783907899546223
1,3,0.03,316.22776601683796,4.7125854764183885e-5,1.494482520757834,2.233478007071536
1,3,0.03,421.6965034285823,4.7125854764183885e-5,1.2941685448615026,1.6748722247297851
1,3,0.03,562.341325190349,4.7125854764183885e-5,1.1207037882648716,1.2559769832520804
1,3,0.03,749.8942093324558,4.7125854764183885e-5,0.9704894976918514,0.9418498673510283
1,3,0.03,1000.0,4.7125854764183885e-5,0.8404092811967738,0.7062877621425242
1,3,0.03,1333.521432163324,4.7125854764183885e-5,0.7277644545370832,0.5296411035085044
1,3,0.03,1778.2794100389228,4.7125854764183885e-5,0.6302180534387123,0.3971747971009258
1,3,0.03,2371.373705661655,4.7125854764183885e-5,0.545746350215352,0.2978390809942238
1,3,0.03,3162.2776601683795,4.7125854764183885e-5,0.47259686889046254,0.22334780270591523
1,3,0.03,4216.965034285822,4.7125854764183885e-5,0.40925202779081493,0.16748722447174014
1,3,0.03,5623.413251903491,4.7125854764183885e-5,0.3543976553296077,0.1255977003239696
1,3,0.03,7498.942093324558,4.7125854764183885e-5,0.30689572579789737,0.0941849887338644
1,3,0.03,10000.0,4.7125854764183885e-5,0.26576074953267237,0.070628778213014
1,3,0.03,13335.21432163324,4.7125854764183885e-5,0.23013932764472442,0.05296411234961201
1,3,0.03,17782.794100389227,4.7125854764183885e-5,0.19929244714240418,0.039717481708854155
1,3,0.03,23713.737056616552,4.7125854764183885e-5,0.17258014914044362,0.02978391009818395
1,3,0.03,31622.776601683792,4.7125854764183885e-5,0.14944825207578344,0.022334782269353096
1,3,0.03,42169.65034285822,4.7125854764183885e-5,0.12941685448615028,0.016748724445935583
1,3,0.03,56234.13251903491,4.7125854764183885e-5,0.11207037882648715,0.012559772031158527
1,3,0.03,74989.42093324558,4.7125854764183885e-5,0.09704894976918516,0.009418500872148012
1,3,0.03,100000.0,4.7125854764183885e-5,0.08404092811967738,0.007062879820062967
1,3,0.03,133352.1432163324,4.7125854764183885e-5,0.07277644545370832,0.005296413233722769
1,3,0.03,177827.94100389228,4.7125854764183885e-5,0.06302180534387122,0.003971750169646983
1,3,0.03,237137.37056616554,4.7125854764183885e-5,0.054574635021535194,0.002978393008579963
1,3,0.03,316227.7660168379,4.7125854764183885e-5,0.047259686889046255,0.0022334802256968778
1,3,0.03,421696.5034285823,4.7125854764183885e-5,0.04092520277908149,0.0016748744433551265
1,3,0.03,562341.3251903491,4.7125854764183885e-5,0.035439765532960764,0.001255979201877421
1,3,0.03,749894.2093324559,4.7125854764183885e-5,0.03068957257978974,0.0009418520859763695
1,3,0.03,1.0e6,4.7125854764183885e-5,0.026576074953267234,0.0007062899807678653
1,3,0.03,1.333521432163324e6,4.7125854764183885e-5,0.023013932764472445,0.0005296433221338455
1,3,0.03,1.778279410038923e6,4.7125854764183885e-5,0.019929244714240416,0.0003971770157262668
1,3,0.03,2.3713737056616554e6,4.7125854764183885e-5,0.01725801491404436,0.0002978412996195648
1,3,0.03,3.1622776601683795e6,4.7125854764183885e-5,0.014944825207578342,0.0002233500213312563
1,3,0.03,4.216965034285823e6,4.7125854764183885e-5,0.012941685448615027,0.00016748944309708118
1,3,0.03,5.623413251903491e6,4.7125854764183885e-5,0.011207037882648716,0.00012559991894931066
1,3,0.03,7.498942093324558e6,4.7125854764183885e-5,0.009704894976918515,9.418720735920547e-5
1,3,0.03,1.0e7,4.7125854764183885e-5,0.008404092811967738,7.063099683835504e-5
1,3,0.03,1.333521432163324e7,4.7125854764183885e-5,0.007277644545370832,5.296633097495307e-5
1,3,0.03,1.7782794100389227e7,4.7125854764183885e-5,0.006302180534387122,3.971970033419521e-5
1,3,0.03,2.3713737056616552e7,4.7125854764183885e-5,0.005457463502153519,2.9786128723525012e-5
1,3,0.03,3.162277660168379e7,4.7125854764183885e-5,0.004725968688904626,2.2337000894694163e-5
1,3,0.03,4.2169650342858225e7,4.7125854764183885e-5,0.004092520277908149,1.675094307127665e-5
1,3,0.03,5.623413251903491e7,4.7125854764183885e-5,0.003543976553296077,1.2561990656499596e-5
1,3,0.03,7.498942093324558e7,4.7125854764183885e-5,0.003068957257978974,9.420719497489077e-6
1,3,0.03,1.0e8,4.7125854764183885e-5,0.002657607495326724,7.065098445404037e-6
1,3,0.03,1.333521432163324e8,4.7125854764183885e-5,0.002301393276447244,5.298631859063836e-6
1,3,0.03,1.7782794100389227e8,4.7125854764183885e-5,0.001992924471424042,3.973968794988051e-6
1,3,0.03,2.3713737056616554e8,4.7125854764183885e-5,0.0017258014914044361,2.980611633921031e-6
1,3,0.03,3.1622776601683795e8,4.7125854764183885e-5,0.001494482520757834,2.235698851037945e-6
1,3,0.03,4.2169650342858225e8,4.7125854764183885e-5,0.0012941685448615028,1.6770930686961944e-6
1,3,0.03,5.623413251903491e8,4.7125854764183885e-5,0.0011207037882648716,1.2581978272184891e-6
1,3,0.03,7.498942093324559e8,4.7125854764183885e-5,0.0009704894976918514,9.440707113174371e-7
1,3,0.03,1.0e9,4.7125854764183885e-5,0.0008404092811967738,7.08508606108933e-7
1,3,0.03,1.333521432163324e9,4.7125854764183885e-5,0.0007277644545370832,5.318619474749131e-7
1,3,0.03,1.7782794100389228e9,4.7125854764183885e-5,0.0006302180534387123,3.993956410673346e-7
1,3,0.03,2.3713737056616554e9,4.7125854764183885e-5,0.0005457463502153519,3.000599249606325e-7
1,3,0.03,3.1622776601683793e9,4.7125854764183885e-5,0.00047259686889046255,2.25568646672324e-7
1,3,0.03,4.2169650342858224e9,4.7125854764183885e-5,0.00040925202779081493,1.697080684381489e-7
1,3,0.03,5.623413251903491e9,4.7125854764183885e-5,0.0003543976553296077,1.2781854429037835e-7
1,3,0.03,7.498942093324558e9,4.7125854764183885e-5,0.0003068957257978974,9.640583270027317e-8
1,3,0.03,1.0e10,4.7125854764183885e-5,0.00026576074953267234,7.284962217942275e-8
2,4,0.03,100.0,1.8043255172286457e-9,2.663920428215862,7.096472047865781
2,4,0.03,133.3521432163324,1.8043255172286457e-9,2.3068600511050046,5.321603295384184
2,4,0.03,177.82794100389228,1.8043255172286457e-9,1.997658503241511,3.9906394955731144
2,4,0.03,237.13737056616552,1.8043255172286457e-9,1.729900994064016,2.992557449263671
2,4,0.03,316.22776601683796,1.8043255172286457e-9,1.4980325438045499,2.244101502297531
2,4,0.03,421.6965034285823,1.8043255172286457e-9,1.2972427381670646,1.6828387217271834
2,4,0.03,562.341325190349,1.8043255172286457e-9,1.1233659299906007,1.2619510126636473
2,4,0.03,749.8942093324558,1.8043255172286457e-9,0.9727948174500609,0.9463297568576974
2,4,0.03,1000.0,1.8043255172286457e-9,0.8424056058613203,0.7096472047865782
2,4,0.03,1333.521432163324,1.8043255172286457e-9,0.7294932004744241,0.5321603295384183
2,4,0.03,1778.2794100389228,1.8043255172286457e-9,0.6317150857446032,0.3990639495573114
2,4,0.03,2371.373705661655,1.8043255172286457e-9,0.547042726783171,0.2992557449263671
2,4,0.03,3162.2776601683795,1.8043255172286457e-9,0.47371948474783376,0.2244101502297531
2,4,0.03,4216.965034285822,1.8043255172286457e-9,0.4102241730721367,0.16828387217271837
2,4,0.03,5623.413251903491,1.8043255172286457e-9,0.3552394984603552,0.12619510126636468
2,4,0.03,7498.942093324558,1.8043255172286457e-9,0.30762473191499046,0.09463297568576975
2,4,0.03,10000.0,1.8043255172286457e-9,0.2663920428215862,0.0709647204786578
2,4,0.03,13335.21432163324,1.8043255172286457e-9,0.23068600511050044,0.053216032953841835
2,4,0.03,17782.794100389227,1.8043255172286457e-9,0.19976585032415112,0.039906394955731145
2,4,0.03,23713.737056616552,1.8043255172286457e-9,0.17299009940640162,0.029925574492636716
2,4,0.03,31622.776601683792,1.8043255172286457e-9,0.14980325438045503,0.02244101502297532
2,4,0.03,42169.65034285822,1.8043255172286457e-9,0.12972427381670648,0.016828387217271843
2,4,0.03,56234.13251903491,1.8043255172286457e-9,0.11233659299906006,0.012619510126636473
2,4,0.03,74989.42093324558,1.8043255172286457e-9,0.0972794817450061,0.009463297568576978
2,4,0.03,100000.0,1.8043255172286457e-9,0.08424056058613204,0.007096472047865786
2,4,0.03,133352.1432163324,1.8043255172286457e-9,0.07294932004744242,0.005321603295384189
2,4,0.03,177827.94100389228,1.8043255172286457e-9,0.06317150857446033,0.003990639495573118
2,4,0.03,237137.37056616554,1.8043255172286457e-9,0.054704272678317095,0.002992557449263674
2,4,0.03,316227.7660168379,1.8043255172286457e-9,0.047371948474783376,0.0022441015022975344
2,4,0.03,421696.5034285823,1.8043255172286457e-9,0.04102241730721366,0.0016828387217271863
2,4,0.03,562341.3251903491,1.8043255172286457e-9,0.03552394984603552,0.0012619510126636502
2,4,0.03,749894.2093324559,1.8043255172286457e-9,0.030762473191499044,0.0009463297568577006
2,4,0.03,1.0e6,1.8043255172286457e-9,0.026639204282158623,0.0007096472047865816
2,4,0.03,1.333521432163324e6,1.8043255172286457e-9,0.023068600511050044,0.0005321603295384216
2,4,0.03,1.778279410038923e6,1.8043255172286457e-9,0.01997658503241511,0.0003990639495573147
2,4,0.03,2.3713737056616554e6,1.8043255172286457e-9,0.01729900994064016,0.0002992557449263703
2,4,0.03,3.1622776601683795e6,1.8043255172286457e-9,0.0149803254380455,0.00022441015022975637
2,4,0.03,4.216965034285823e6,1.8043255172286457e-9,0.012972427381670646,0.0001682838721727216
2,4,0.03,5.623413251903491e6,1.8043255172286457e-9,0.011233659299906006,0.00012619510126636797
2,4,0.03,7.498942093324558e6,1.8043255172286457e-9,0.00972794817450061,9.4632975685773e-5
2,4,0.03,1.0e7,1.8043255172286457e-9,0.008424056058613204,7.096472047866107e-5
2,4,0.03,1.333521432163324e7,1.8043255172286457e-9,0.007294932004744242,5.32160329538451e-5
2,4,0.03,1.7782794100389227e7,1.8043255172286457e-9,0.006317150857446032,3.990639495573439e-5
2,4,0.03,2.3713737056616552e7,1.8043255172286457e-9,0.00547042726783171,2.9925574492639962e-5
2,4,0.03,3.162277660168379e7,1.8043255172286457e-9,0.004737194847478338,2.2441015022978566e-5
2,4,0.03,4.2169650342858225e7,1.8043255172286457e-9,0.004102241730721367,1.682838721727509e-5
2,4,0.03,5.623413251903491e7,1.8043255172286457e-9,0.003552394984603552,1.2619510126639726e-5
2,4,0.03,7.498942093324558e7,1.8043255172286457e-9,0.0030762473191499047,9.463297568580232e-6
2,4,0.03,1.0e8,1.8043255172286457e-9,0.002663920428215862,7.096472047869037e-6
2,4,0.03,1.333521432163324e8,1.8043255172286457e-9,0.0023068600511050048,5.321603295387441e-6
2,4,0.03,1.7782794100389227e8,1.8043255172286457e-9,0.001997658503241511,3.9906394955763705e-6
2,4,0.03,2.3713737056616554e8,1.8043255172286457e-9,0.001729900994064016,2.992557449266926e-6
2,4,0.03,3.1622776601683795e8,1.8043255172286457e-9,0.00149803254380455,2.244101502300787e-6
2,4,0.03,4.2169650342858225e8,1.8043255172286457e-9,0.0012972427381670647,1.682838721730439e-6
2,4,0.03,5.623413251903491e8,1.8043255172286457e-9,0.0011233659299906005,1.2619510126669022e-6
2,4,0.03,7.498942093324559e8,1.8043255172286457e-9,0.0009727948174500609,9.463297568609529e-7
2,4,0.03,1.0e9,1.8043255172286457e-9,0.0008424056058613204,7.096472047898338e-7
2,4,0.03,1.333521432163324e9,1.8043255172286457e-9,0.0007294932004744242,5.32160329541674e-7
2,4,0.03,1.7782794100389228e9,1.8043255172286457e-9,0.0006317150857446033,3.9906394956056705e-7
2,4,0.03,2.3713737056616554e9,1.8043255172286457e-9,0.000547042726783171,2.992557449296227e-7
2,4,0.03,3.1622776601683793e9,1.8043255172286457e-9,0.0004737194847478338,2.244101502330087e-7
2,4,0.03,4.2169650342858224e9,1.8043255172286457e-9,0.0004102241730721367,1.6828387217597397e-7
2,4,0.03,5.623413251903491e9,1.8043255172286457e-9,0.00035523949846035516,1.2619510126962027e-7
2,4,0.03,7.498942093324558e9,1.8043255172286457e-9,0.00030762473191499047,9.463297568902534e-8
2,4,0.03,1.0e10,1.8043255172286457e-9,0.0002663920428215862,7.096472048191339e-8
3,5,0.03,100.0,1.4191355536431314e-10,2.683653484671074,7.201996025787198
3,5,0.03,133.3521432163324,1.4191355536431314e-10,2.3239481739860683,5.400735115373181
3,5,0.03,177.82794100389228,1.4191355536431314e-10,2.012456208009705,4.0499799891568005
3,5,0.03,237.13737056616552,1.4191355536431314e-10,1.742715278460887,3.037056541781007
3,5,0.03,316.22776601683796,1.4191355536431314e-10,1.5091292569216297,2.27747111409683
3,5,0.03,421.6965034285823,1.4191355536431314e-10,1.3068520958330174,1.7078624003831502
3,5,0.03,562.341325190349,1.4191355536431314e-10,1.1316872908997222,1.2807161243839524
3,5,0.03,749.8942093324558,1.4191355536431314e-10,0.9800008191191634,0.9604016054742311
3,5,0.03,1000.0,1.4191355536431314e-10,0.8486457462208361,0.7201996025787197
3,5,0.03,1333.521432163324,1.4191355536431314e-10,0.7348969393985241,0.540073511537318
3,5,0.03,1778.2794100389228,1.4191355536431314e-10,0.6363945308656259,0.4049979989156801
3,5,0.03,2371.373705661655,1.4191355536431314e-10,0.551094959311098,0.30370565417810075
3,5,0.03,3162.2776601683795,1.4191355536431314e-10,0.4772285735469777,0.22774711140968307
3,5,0.03,4216.965034285822,1.4191355536431314e-10,0.41326291877969773,0.17078624003831505
3,5,0.03,5623.413251903491,1.4191355536431314e-10,0.35787094383086654,0.12807161243839524
3,5,0.03,7498.942093324558,1.4191355536431314e-10,0.3099034697247243,0.09604016054742312
3,5,0.03,10000.0,1.4191355536431314e-10,0.2683653484671074,0.072019960257872
3,5,0.03,13335.21432163324,1.4191355536431314e-10,0.23239481739860682,0.05400735115373181
3,5,0.03,17782.794100389227,1.4191355536431314e-10,0.2012456208009705,0.04049979989156801
3,5,0.03,23713.737056616552,1.4191355536431314e-10,0.1742715278460887,0.030370565417810073
3,5,0.03,31622.776601683792,1.4191355536431314e-10,0.150912925692163,0.02277471114096831
3,5,0.03,42169.65034285822,1.4191355536431314e-10,0.13068520958330174,0.0170786240038315
3,5,0.03,56234.13251903491,1.4191355536431314e-10,0.11316872908997222,0.012807161243839524
3,5,0.03,74989.42093324558,1.4191355536431314e-10,0.09800008191191635,0.009604016054742315
3,5,0.03,100000.0,1.4191355536431314e-10,0.08486457462208362,0.007201996025787199
3,5,0.03,133352.1432163324,1.4191355536431314e-10,0.07348969393985241,0.005400735115373181
3,5,0.03,177827.94100389228,1.4191355536431314e-10,0.06363945308656259,0.0040499799891568
3,5,0.03,237137.37056616554,1.4191355536431314e-10,0.05510949593110979,0.003037056541781006
3,5,0.03,316227.7660168379,1.4191355536431314e-10,0.04772285735469777,0.002277471114096831
3,5,0.03,421696.5034285823,1.4191355536431314e-10,0.04132629187796977,0.00170786240038315
3,5,0.03,562341.3251903491,1.4191355536431314e-10,0.03578709438308666,0.0012807161243839527
3,5,0.03,749894.2093324559,1.4191355536431314e-10,0.03099034697247243,0.0009604016054742311
3,5,0.03,1.0e6,1.4191355536431314e-10,0.02683653484671074,0.0007201996025787197
3,5,0.03,1.333521432163324e6,1.4191355536431314e-10,0.02323948173986068,0.0005400735115373179
3,5,0.03,1.778279410038923e6,1.4191355536431314e-10,0.02012456208009705,0.0004049979989156801
3,5,0.03,2.3713737056616554e6,1.4191355536431314e-10,0.01742715278460887,0.00030370565417810067
3,5,0.03,3.1622776601683795e6,1.4191355536431314e-10,0.015091292569216298,0.0002277471114096831
3,5,0.03,4.216965034285823e6,1.4191355536431314e-10,0.013068520958330174,0.00017078624003831504
3,5,0.03,5.623413251903491e6,1.4191355536431314e-10,0.011316872908997222,0.00012807161243839527
3,5,0.03,7.498942093324558e6,1.4191355536431314e-10,0.009800008191191634,9.604016054742314e-5
3,5,0.03,1.0e7,1.4191355536431314e-10,0.008486457462208361,7.201996025787199e-5
3,5,0.03,1.333521432163324e7,1.4191355536431314e-10,0.007348969393985241,5.400735115373182e-5
3,5,0.03,1.7782794100389227e7,1.4191355536431314e-10,0.006363945308656259,4.049979989156803e-5
3,5,0.03,2.3713737056616552e7,1.4191355536431314e-10,0.005510949593110979,3.0370565417810085e-5
3,5,0.03,3.162277660168379e7,1.4191355536431314e-10,0.0047722857354697765,2.2774711140968326e-5
3,5,0.03,4.2169650342858225e7,1.4191355536431314e-10,0.004132629187796977,1.7078624003831525e-5
3,5,0.03,5.623413251903491e7,1.4191355536431314e-10,0.0035787094383086656,1.2807161243839545e-5
3,5,0.03,7.498942093324558e7,1.4191355536431314e-10,0.003099034697247243,9.604016054742332e-6
3,5,0.03,1.0e8,1.4191355536431314e-10,0.002683653484671074,7.201996025787218e-6
3,5,0.03,1.333521432163324e8,1.4191355536431314e-10,0.002323948173986068,5.4007351153731996e-6
3,5,0.03,1.7782794100389227e8,1.4191355536431314e-10,0.002012456208009705,4.049979989156822e-6
3,5,0.03,2.3713737056616554e8,1.4191355536431314e-10,0.0017427152784608869,3.037056541781027e-6
3,5,0.03,3.1622776601683795e8,1.4191355536431314e-10,0.0015091292569216297,2.2774711140968504e-6
3,5,0.03,4.2169650342858225e8,1.4191355536431314e-10,0.0013068520958330174,1.7078624003831701e-6
3,5,0.03,5.623413251903491e8,1.4191355536431314e-10,0.0011316872908997222,1.2807161243839727e-6
3,5,0.03,7.498942093324559e8,1.4191355536431314e-10,0.0009800008191191633,9.604016054742511e-7
3,5,0.03,1.0e9,1.4191355536431314e-10,0.0008486457462208362,7.2019960257874e-7
3,5,0.03,1.333521432163324e9,1.4191355536431314e-10,0.0007348969393985241,5.400735115373381e-7
3,5,0.03,1.7782794100389228e9,1.4191355536431314e-10,0.0006363945308656259,4.0499799891570014e-7
3,5,0.03,2.3713737056616554e9,1.4191355536431314e-10,0.0005510949593110979,3.037056541781208e-7
3,5,0.03,3.1622776601683793e9,1.4191355536431314e-10,0.00047722857354697766,2.277471114097032e-7
3,5,0.03,4.2169650342858224e9,1.4191355536431314e-10,0.00041326291877969774,1.707862400383352e-7
3,5,0.03,5.623413251903491e9,1.4191355536431314e-10,0.0003578709438308666,1.2807161243841542e-7
3,5,0.03,7.498942093324558e9,1.4191355536431314e-10,0.00030990346972472433,9.604016054744327e-8
3,5,0.03,1.0e10,1.4191355536431314e-10,0.0002683653484671074,7.201996025789212e-8
4,6,0.03,100.0,2.295353443232542e-13,2.684448519917397,7.206263856086703
4,6,0.03,133.3521432163324,2.295353443232542e-13,2.3246366461451977,5.403935536601193
4,6,0.03,177.82794100389228,2.295353443232542e-13,2.0130524003371377,4.0523799665031115
4,6,0.03,237.13737056616552,2.295353443232542e-13,1.7432315597463048,3.038856270895535
4,6,0.03,316.22776601683796,2.295353443232542e-13,1.5095763380956202,2.278820720538182
4,6,0.03,421.6965034285823,2.295353443232542e-13,1.3072392521793388,1.708874462438397
4,6,0.03,562.341325190349,2.295353443232542e-13,1.1320225544831992,1.2814750638586678
4,6,0.03,749.8942093324558,2.295353443232542e-13,0.9802911454213762,0.9609707297915537
4,6,0.03,1000.0,2.295353443232542e-13,0.8488971584406855,0.7206263856086702
4,6,0.03,1333.521432163324,2.295353443232542e-13,0.7351146534113704,0.5403935536601192
4,6,0.03,1778.2794100389228,2.295353443232542e-13,0.6365830634334463,0.40523799665031107
4,6,0.03,2371.373705661655,2.295353443232542e-13,0.5512582217886219,0.3038856270895535
4,6,0.03,3162.2776601683795,2.295353443232542e-13,0.4773699530278568,0.2278820720538182
4,6,0.03,4216.965034285822,2.295353443232542e-13,0.4133853483661942,0.17088744624383975
4,6,0.03,5623.413251903491,2.295353443232542e-13,0.35797696348489627,0.12814750638586675
4,6,0.03,7498.942093324558,2.295353443232542e-13,0.309995278962689,0.09609707297915539
4,6,0.03,10000.0,2.295353443232542e-13,0.2684448519917397,0.07206263856086702
4,6,0.03,13335.21432163324,2.295353443232542e-13,0.23246366461451975,0.054039355366011926
4,6,0.03,17782.794100389227,2.295353443232542e-13,0.20130524003371378,0.04052379966503112
4,6,0.03,23713.737056616552,2.295353443232542e-13,0.17432315597463047,0.030388562708955343
4,6,0.03,31622.776601683792,2.295353443232542e-13,0.150957633809562,0.02278820720538182
4,6,0.03,42169.65034285822,2.295353443232542e-13,0.1307239252179339,0.017088744624383978
4,6,0.03,56234.13251903491,2.295353443232542e-13,0.11320225544831991,0.012814750638586675
4,6,0.03,74989.42093324558,2.295353443232542e-13,0.09802911454213763,0.009609707297915538
4,6,0.03,100000.0,2.295353443232542e-13,0.08488971584406854,0.007206263856086702
4,6,0.03,133352.1432163324,2.295353443232542e-13,0.07351146534113705,0.0054039355366011935
4,6,0.03,177827.94100389228,2.295353443232542e-13,0.06365830634334463,0.004052379966503111
4,6,0.03,237137.37056616554,2.295353443232542e-13,0.05512582217886219,0.0030388562708955342
4,6,0.03,316227.7660168379,2.295353443232542e-13,0.04773699530278568,0.0022788207205381825
4,6,0.03,421696.5034285823,2.295353443232542e-13,0.041338534836619416,0.001708874462438397
4,6,0.03,562341.3251903491,2.295353443232542e-13,0.03579769634848962,0.0012814750638586673
4,6,0.03,749894.2093324559,2.295353443232542e-13,0.0309995278962689,0.0009609707297915536
4,6,0.03,1.0e6,2.295353443232542e-13,0.026844485199173967,0.0007206263856086701
4,6,0.03,1.333521432163324e6,2.295353443232542e-13,0.023246366461451975,0.0005403935536601192
4,6,0.03,1.778279410038923e6,2.295353443232542e-13,0.020130524003371376,0.00040523799665031113
4,6,0.03,2.3713737056616554e6,2.295353443232542e-13,0.017432315597463048,0.00030388562708955346
4,6,0.03,3.1622776601683795e6,2.295353443232542e-13,0.0150957633809562,0.00022788207205381818
4,6,0.03,4.216965034285823e6,2.295353443232542e-13,0.013072392521793388,0.0001708874462438397
4,6,0.03,5.623413251903491e6,2.295353443232542e-13,0.01132022554483199,0.00012814750638586673
4,6,0.03,7.498942093324558e6,2.295353443232542e-13,0.009802911454213763,9.609707297915539e-5
4,6,0.03,1.0e7,2.295353443232542e-13,0.008488971584406854,7.206263856086701e-5
4,6,0.03,1.333521432163324e7,2.295353443232542e-13,0.007351146534113704,5.403935536601192e-5
4,6,0.03,1.7782794100389227e7,2.295353443232542e-13,0.006365830634334464,4.052379966503112e-5
4,6,0.03,2.3713737056616552e7,2.295353443232542e-13,0.005512582217886219,3.0388562708955344e-5
4,6,0.03,3.162277660168379e7,2.295353443232542e-13,0.004773699530278568,2.278820720538182e-5
4,6,0.03,4.2169650342858225e7,2.295353443232542e-13,0.004133853483661942,1.7088744624383972e-5
4,6,0.03,5.623413251903491e7,2.295353443232542e-13,0.0035797696348489625,1.2814750638586675e-5
4,6,0.03,7.498942093324558e7,2.295353443232542e-13,0.00309995278962689,9.609707297915536e-6
4,6,0.03,1.0e8,2.295353443232542e-13,0.0026844485199173968,7.206263856086702e-6
4,6,0.03,1.333521432163324e8,2.295353443232542e-13,0.0023246366461451974,5.403935536601192e-6
4,6,0.03,1.7782794100389227e8,2.295353443232542e-13,0.0020130524003371376,4.052379966503111e-6
4,6,0.03,2.3713737056616554e8,2.295353443232542e-13,0.0017432315597463047,3.0388562708955343e-6
4,6,0.03,3.1622776601683795e8,2.295353443232542e-13,0.00150957633809562,2.2788207205381813e-6
4,6,0.03,4.2169650342858225e8,2.295353443232542e-13,0.001307239252179339,1.7088744624383975e-6
4,6,0.03,5.623413251903491e8,2.295353443232542e-13,0.001132022554483199,1.2814750638586674e-6
4,6,0.03,7.498942093324559e8,2.295353443232542e-13,0.0009802911454213762,9.609707297915538e-7
4,6,0.03,1.0e9,2.295353443232542e-13,0.0008488971584406855,7.206263856086704e-7
4,6,0.03,1.333521432163324e9,2.295353443232542e-13,0.0007351146534113704,5.403935536601192e-7
4,6,0.03,1.7782794100389228e9,2.295353443232542e-13,0.0006365830634334463,4.0523799665031116e-7
4,6,0.03,2.3713737056616554e9,2.295353443232542e-13,0.0005512582217886219,3.0388562708955343e-7
4,6,0.03,3.1622776601683793e9,2.295353443232542e-13,0.0004773699530278568,2.278820720538182e-7
4,6,0.03,4.2169650342858224e9,2.295353443232542e-13,0.0004133853483661942,1.7088744624383973e-7
4,6,0.03,5.623413251903491e9,2.295353443232542e-13,0.0003579769634848962,1.2814750638586673e-7
4,6,0.03,7.498942093324558e9,2.295353443232542e-13,0.00030999527896268897,9.609707297915536e-8
4,6,0.03,1.0e10,2.295353443232542e-13,0.0002684448519917397,7.206263856086703e-8
1,3,0.1,100.0,0.0005126797047181236,1.5814828116593065,2.501088146414305
1,3,0.1,133.3521432163324,0.0005126797047181236,1.369507692904125,1.8755515837640588
1,3,0.1,177.82794100389228,0.0005126797047181236,1.1859448026221249,1.4064653377069103
1,3,0.1,237.13737056616552,0.0005126797047181236,1.0269858885450545,1.0547002781111545
1,3,0.1,316.22776601683796,0.0005126797047181236,0.8893331400742536,0.7909136968748115
1,3,0.1,421.6965034285823,0.0005126797047181236,0.7701307708860833,0.5931016671060725
1,3,0.1,562.341325190349,0.0005126797047181236,0.6669057719091327,0.4447635714461957
1,3,0.1,749.8942093324558,0.0005126797047181236,0.5775166055162141,0.33352569248745007
1,3,0.1,1000.0,0.0005126797047181236,0.5001087765250501,0.25010905119786214
1,3,0.1,1333.521432163324,0.0005126797047181236,0.43307635826994517,0.18755539493283754
1,3,0.1,1778.2794100389228,0.0005126797047181236,0.3750286755524743,0.1406467703271227
1,3,0.1,2371.373705661655,0.0005126797047181236,0.3247614532654199,0.10547026436754714
1,3,0.1,3162.2776601683795,0.0005126797047181236,0.2812318321304208,0.07909160624391282
1,3,0.1,4216.965034285822,0.0005126797047181236,0.24353673321813138,0.05931040326703893
1,3,0.1,5623.413251903491,0.0005126797047181236,0.21089412239455987,0.04447659370105123
1,3,0.1,7498.942093324558,0.0005126797047181236,0.18262678600001983,0.03335280580517667
1,3,0.1,10000.0,0.0005126797047181236,0.15814828116593063,0.02501114167621788
1,3,0.1,13335.21432163324,0.0005126797047181236,0.1369507692904125,0.01875577604971542
1,3,0.1,17782.794100389227,0.0005126797047181236,0.11859448026221248,0.014064913589143933
1,3,0.1,23713.737056616552,0.0005126797047181236,0.10269858885450546,0.010547262993186382
1,3,0.1,31622.776601683792,0.0005126797047181236,0.08893331400742537,0.00790939718082295
1,3,0.1,42169.65034285822,0.0005126797047181236,0.07701307708860833,0.005931276883135559
1,3,0.1,56234.13251903491,0.0005126797047181236,0.06669057719091326,0.0044478959265367895
1,3,0.1,74989.42093324558,0.0005126797047181236,0.05775166055162141,0.0033355171369493348
1,3,0.1,100000.0,0.0005126797047181236,0.05001087765250502,0.0025013507240534555
1,3,0.1,133352.1432163324,0.0005126797047181236,0.04330763582699452,0.0018758141614032091
1,3,0.1,177827.94100389228,0.0005126797047181236,0.037502867555247434,0.0014067279153460604
1,3,0.1,237137.37056616554,0.0005126797047181236,0.03247614532654199,0.0010549628557503053
1,3,0.1,316227.7660168379,0.0005126797047181236,0.028123183213042083,0.000791176274513962
1,3,0.1,421696.5034285823,0.0005126797047181236,0.024353673321813134,0.0005933642447452227
1,3,0.1,562341.3251903491,0.0005126797047181236,0.021089412239455988,0.0004450261490853459
1,3,0.1,749894.2093324559,0.0005126797047181236,0.018262678600001983,0.00033378827012660024
1,3,0.1,1.0e6,0.0005126797047181236,0.015814828116593065,0.0002503716288370124
1,3,0.1,1.333521432163324e6,0.0005126797047181236,0.01369507692904125,0.0001878179725719878
1,3,0.1,1.778279410038923e6,0.0005126797047181236,0.011859448026221247,0.0001409093479662729
1,3,0.1,2.3713737056616554e6,0.0005126797047181236,0.010269858885450546,0.0001057328420066974
1,3,0.1,3.1622776601683795e6,0.0005126797047181236,0.008893331400742537,7.935418388306309e-5
1,3,0.1,4.216965034285823e6,0.0005126797047181236,0.007701307708860832,5.957298090618914e-5
1,3,0.1,5.623413251903491e6,0.0005126797047181236,0.0066690577190913255,4.473917134020145e-5
1,3,0.1,7.498942093324558e6,0.0005126797047181236,0.005775166055162141,3.361538344432691e-5
1,3,0.1,1.0e7,0.0005126797047181236,0.005001087765250501,2.5273719315368117e-5
1,3,0.1,1.333521432163324e7,0.0005126797047181236,0.004330763582699452,1.9018353688865654e-5
1,3,0.1,1.7782794100389227e7,0.0005126797047181236,0.0037502867555247433,1.4327491228294166e-5
1,3,0.1,2.3713737056616552e7,0.0005126797047181236,0.003247614532654199,1.0809840632336616e-5
1,3,0.1,3.162277660168379e7,0.0005126797047181236,0.0028123183213042083,8.171974819973183e-6
1,3,0.1,4.2169650342858225e7,0.0005126797047181236,0.0024353673321813136,6.1938545222857916e-6
1,3,0.1,5.623413251903491e7,0.0005126797047181236,0.002108941223945599,4.710473565687024e-6
1,3,0.1,7.498942093324558e7,0.0005126797047181236,0.0018262678600001986,3.5980947760995675e-6
1,3,0.1,1.0e8,0.0005126797047181236,0.0015814828116593063,2.7639283632036873e-6
1,3,0.1,1.333521432163324e8,0.0005126797047181236,0.001369507692904125,2.1383918005534416e-6
1,3,0.1,1.7782794100389227e8,0.0005126797047181236,0.0011859448026221248,1.669305554496293e-6
1,3,0.1,2.3713737056616554e8,0.0005126797047181236,0.0010269858885450546,1.3175404949005377e-6
1,3,0.1,3.1622776601683795e8,0.0005126797047181236,0.0008893331400742536,1.0537539136641945e-6
1,3,0.1,4.2169650342858225e8,0.0005126797047181236,0.0007701307708860833,8.559418838954554e-7
1,3,0.1,5.623413251903491e8,0.0005126797047181236,0.0006669057719091326,7.076037882355785e-7
1,3,0.1,7.498942093324559e8,0.0005126797047181236,0.000577516605516214,5.963659092768328e-7
1,3,0.1,1.0e9,0.0005126797047181236,0.0005001087765250501,5.129492679872449e-7
1,3,0.1,1.333521432163324e9,0.0005126797047181236,0.00043307635826994514,4.503956117222203e-7
1,3,0.1,1.7782794100389228e9,0.0005126797047181236,0.00037502867555247433,4.0348698711650546e-7
1,3,0.1,2.3713737056616554e9,0.0005126797047181236,0.0003247614532654199,3.6831048115692994e-7
1,3,0.1,3.1622776601683793e9,0.0005126797047181236,0.00028123183213042083,3.4193182303329563e-7
1,3,0.1,4.2169650342858224e9,0.0005126797047181236,0.00024353673321813137,3.221506200564217e-7
1,3,0.1,5.623413251903491e9,0.0005126797047181236,0.00021089412239455986,3.0731681049043403e-7
1,3,0.1,7.498942093324558e9,0.0005126797047181236,0.00018262678600001984,2.9619302259455944e-7
1,3,0.1,1.0e10,0.0005126797047181236,0.00015814828116593064,2.8785135846560065e-7
2,4,0.1,100.0,2.1701997741430736e-7,1.5979053968511538,2.5533016572860907
2,4,0.1,133.3521432163324,2.1701997741430736e-7,1.383729065777606,1.9147061274778134
2,4,0.1,177.82794100389228,2.1701997741430736e-7,1.19826000415976,1.435827037568995
2,4,0.1,237.13737056616552,2.1701997741430736e-7,1.0376504137116356,1.0767183810759755
2,4,0.1,316.22776601683796,2.1701997741430736e-7,0.8985682383940884,0.8074248790507024
2,4,0.1,421.6965034285823,2.1701997741430736e-7,0.7781280365537827,0.6054832412710921
2,4,0.1,562.341325190349,2.1701997741430736e-7,0.6738311186617927,0.45404837647705
2,4,0.1,749.8942093324558,2.1701997741430736e-7,0.5835137087309152,0.34048824827695445
2,4,0.1,1000.0,2.1701997741430736e-7,0.5053020539524893,0.25533016572865147
2,4,0.1,1333.521432163324,2.1701997741430736e-7,0.4375735512434185,0.1914706127478237
2,4,0.1,1778.2794100389228,2.1701997741430736e-7,0.3789230842227678,0.1435827037569419
2,4,0.1,2371.373705661655,2.1701997741430736e-7,0.3281338722344782,0.10767183810763997
2,4,0.1,3162.2776601683795,2.1701997741430736e-7,0.28415222664104806,0.08074248790511264
2,4,0.1,4216.965034285822,2.1701997741430736e-7,0.24606569067447112,0.060548324127151595
2,4,0.1,5623.413251903491,2.1701997741430736e-7,0.21308410932704552,0.04540483764774738
2,4,0.1,7498.942093324558,2.1701997741430736e-7,0.18452323655217717,0.03404882482773783
2,4,0.1,10000.0,2.1701997741430736e-7,0.15979053968511536,0.025533016572907526
2,4,0.1,13335.21432163324,2.1701997741430736e-7,0.1383729065777606,0.019147061274824764
2,4,0.1,17782.794100389227,2.1701997741430736e-7,0.119826000415976,0.01435827037573658
2,4,0.1,23713.737056616552,2.1701997741430736e-7,0.10376504137116357,0.010767183810806385
2,4,0.1,31622.776601683792,2.1701997741430736e-7,0.08985682383940885,0.008074248790553653
2,4,0.1,42169.65034285822,2.1701997741430736e-7,0.07781280365537828,0.006054832412757549
2,4,0.1,56234.13251903491,2.1701997741430736e-7,0.06738311186617926,0.004540483764817126
2,4,0.1,74989.42093324558,2.1701997741430736e-7,0.058351370873091515,0.0034048824828161704
2,4,0.1,100000.0,2.1701997741430736e-7,0.050530205395248926,0.0025533016573331415
2,4,0.1,133352.1432163324,2.1701997741430736e-7,0.043757355124341854,0.0019147061275248641
2,4,0.1,177827.94100389228,2.1701997741430736e-7,0.03789230842227678,0.0014358270376160457
2,4,0.1,237137.37056616554,2.1701997741430736e-7,0.03281338722344782,0.0010767183811230265
2,4,0.1,316227.7660168379,2.1701997741430736e-7,0.028415222664104806,0.0008074248790977531
2,4,0.1,421696.5034285823,2.1701997741430736e-7,0.024606569067447112,0.0006054832413181426
2,4,0.1,562341.3251903491,2.1701997741430736e-7,0.021308410932704552,0.00045404837652410055
2,4,0.1,749894.2093324559,2.1701997741430736e-7,0.018452323655217717,0.000340488248324005
2,4,0.1,1.0e6,2.1701997741430736e-7,0.01597905396851154,0.00025533016577570204
2,4,0.1,1.333521432163324e6,2.1701997741430736e-7,0.013837290657776061,0.00019147061279487431
2,4,0.1,1.778279410038923e6,2.1701997741430736e-7,0.0119826000415976,0.00014358270380399247
2,4,0.1,2.3713737056616554e6,2.1701997741430736e-7,0.010376504137116356,0.00010767183815469053
2,4,0.1,3.1622776601683795e6,2.1701997741430736e-7,0.008985682383940884,8.07424879521632e-5
2,4,0.1,4.216965034285823e6,2.1701997741430736e-7,0.007781280365537826,6.0548324174202155e-5
2,4,0.1,5.623413251903491e6,2.1701997741430736e-7,0.006738311186617926,4.5404837694797956e-5
2,4,0.1,7.498942093324558e6,2.1701997741430736e-7,0.005835137087309152,3.40488248747884e-5
2,4,0.1,1.0e7,2.1701997741430736e-7,0.005053020539524892,2.55330166199581e-5
2,4,0.1,1.333521432163324e7,2.1701997741430736e-7,0.004375735512434186,1.9147061321875337e-5
2,4,0.1,1.7782794100389227e7,2.1701997741430736e-7,0.0037892308422276784,1.4358270422787152e-5
2,4,0.1,2.3713737056616552e7,2.1701997741430736e-7,0.003281338722344782,1.0767183857856957e-5
2,4,0.1,3.162277660168379e7,2.1701997741430736e-7,0.002841522266410481,8.074248837604226e-6
2,4,0.1,4.2169650342858225e7,2.1701997741430736e-7,0.0024606569067447113,6.054832459808121e-6
2,4,0.1,5.623413251903491e7,2.1701997741430736e-7,0.0021308410932704552,4.5404838118676995e-6
2,4,0.1,7.498942093324558e7,2.1701997741430736e-7,0.0018452323655217717,3.404882529866744e-6
2,4,0.1,1.0e8,2.1701997741430736e-7,0.0015979053968511537,2.5533017043837136e-6
2,4,0.1,1.333521432163324e8,2.1701997741430736e-7,0.001383729065777606,1.914706174575437e-6
2,4,0.1,1.7782794100389227e8,2.1701997741430736e-7,0.00119826000415976,1.4358270846666186e-6
2,4,0.1,2.3713737056616554e8,2.1701997741430736e-7,0.0010376504137116357,1.0767184281735993e-6
2,4,0.1,3.1622776601683795e8,2.1701997741430736e-7,0.0008985682383940884,8.074249261483259e-7
2,4,0.1,4.2169650342858225e8,2.1701997741430736e-7,0.0007781280365537827,6.054832883687156e-7
2,4,0.1,5.623413251903491e8,2.1701997741430736e-7,0.0006738311186617926,4.540484235746734e-7
2,4,0.1,7.498942093324559e8,2.1701997741430736e-7,0.0005835137087309151,3.4048829537457783e-7
2,4,0.1,1.0e9,2.1701997741430736e-7,0.0005053020539524892,2.553302128262749e-7
2,4,0.1,1.333521432163324e9,2.1701997741430736e-7,0.00043757355124341855,1.9147065984544724e-7
2,4,0.1,1.7782794100389228e9,2.1701997741430736e-7,0.00037892308422276784,1.435827508545654e-7
2,4,0.1,2.3713737056616554e9,2.1701997741430736e-7,0.0003281338722344782,1.0767188520526347e-7
2,4,0.1,3.1622776601683793e9,2.1701997741430736e-7,0.0002841522266410481,8.074253500273616e-8
2,4,0.1,4.2169650342858224e9,2.1701997741430736e-7,0.00024606569067447113,6.054837122477511e-8
2,4,0.1,5.623413251903491e9,2.1701997741430736e-7,0.0002130841093270455,4.5404884745370886e-8
2,4,0.1,7.498942093324558e9,2.1701997741430736e-7,0.00018452323655217717,3.404887192536133e-8
2,4,0.1,1.0e10,2.1701997741430736e-7,0.00015979053968511538,2.553306367053103e-8
3,5,0.1,100.0,2.3726070511978093e-8,1.6662503596554534,2.776390261051928
3,5,0.1,133.3521432163324,2.3726070511978093e-8,1.4429133652475004,2.081998979609867
3,5,0.1,177.82794100389228,2.3726070511978093e-8,1.2495114960037463,1.5612789786455208
3,5,0.1,237.13737056616552,2.3726070511978093e-8,1.0820323771675073,1.1707940652387676
3,5,0.1,316.22776601683796,2.3726070511978093e-8,0.9370014353475433,0.8779716898433569
3,5,0.1,421.6965034285823,2.3726070511978093e-8,0.8114098139481455,0.6583858861713646
3,5,0.1,562.341325190349,2.3726070511978093e-8,0.7026519505033223,0.49371976354612385
3,5,0.1,749.8942093324558,2.3726070511978093e-8,0.6084715208752396,0.37023759171622767
3,5,0.1,1000.0,2.3726070511978093e-8,0.5269146288585967,0.2776390261051933
3,5,0.1,1333.521432163324,2.3726070511978093e-8,0.4562892700480547,0.20819989796098715
3,5,0.1,1778.2794100389228,2.3726070511978093e-8,0.3951302289936218,0.15612789786455258
3,5,0.1,2371.373705661655,2.3726070511978093e-8,0.3421686813895694,0.11707940652387723
3,5,0.1,3162.2776601683795,2.3726070511978093e-8,0.29630587065452424,0.08779716898433622
3,5,0.1,4216.965034285822,2.3726070511978093e-8,0.25659031278896016,0.06583858861713698
3,5,0.1,5623.413251903491,2.3726070511978093e-8,0.22219805659503938,0.049371976354612886
3,5,0.1,7498.942093324558,2.3726070511978093e-8,0.1924155897312448,0.03702375917162329
3,5,0.1,10000.0,2.3726070511978093e-8,0.16662503596554534,0.02776390261051984
3,5,0.1,13335.21432163324,2.3726070511978093e-8,0.14429133652475,0.02081998979609922
3,5,0.1,17782.794100389227,2.3726070511978093e-8,0.12495114960037465,0.01561278978645577
3,5,0.1,23713.737056616552,2.3726070511978093e-8,0.10820323771675072,0.01170794065238823
3,5,0.1,31622.776601683792,2.3726070511978093e-8,0.09370014353475435,0.00877971689843413
3,5,0.1,42169.65034285822,2.3726070511978093e-8,0.08114098139481456,0.006583858861714205
3,5,0.1,56234.13251903491,2.3726070511978093e-8,0.07026519505033223,0.004937197635461795
3,5,0.1,74989.42093324558,2.3726070511978093e-8,0.06084715208752396,0.0037023759171628348
3,5,0.1,100000.0,2.3726070511978093e-8,0.05269146288585968,0.002776390261052491
3,5,0.1,133352.1432163324,2.3726070511978093e-8,0.045628927004805475,0.002081998979610429
3,5,0.1,177827.94100389228,2.3726070511978093e-8,0.039513022899362184,0.0015612789786460832
3,5,0.1,237137.37056616554,2.3726070511978093e-8,0.03421686813895694,0.0011707940652393295
3,5,0.1,316227.7660168379,2.3726070511978093e-8,0.029630587065452428,0.0008779716898439197
3,5,0.1,421696.5034285823,2.3726070511978093e-8,0.025659031278896013,0.0006583858861719269
3,5,0.1,562341.3251903491,2.3726070511978093e-8,0.02221980565950394,0.0004937197635466863
3,5,0.1,749894.2093324559,2.3726070511978093e-8,0.01924155897312448,0.0003702375917167901
3,5,0.1,1.0e6,2.3726070511978093e-8,0.016662503596554534,0.0002776390261057557
3,5,0.1,1.333521432163324e6,2.3726070511978093e-8,0.014429133652475003,0.00020819989796154955
3,5,0.1,1.778279410038923e6,2.3726070511978093e-8,0.012495114960037463,0.00015612789786511493
3,5,0.1,2.3713737056616554e6,2.3726070511978093e-8,0.010820323771675073,0.0001170794065244396
3,5,0.1,3.1622776601683795e6,2.3726070511978093e-8,0.009370014353475434,8.779716898489858e-5
3,5,0.1,4.216965034285823e6,2.3726070511978093e-8,0.008114098139481454,6.583858861769933e-5
3,5,0.1,5.623413251903491e6,2.3726070511978093e-8,0.007026519505033223,4.937197635517525e-5
3,5,0.1,7.498942093324558e6,2.3726070511978093e-8,0.0060847152087523965,3.702375917218565e-5
3,5,0.1,1.0e7,2.3726070511978093e-8,0.005269146288585967,2.77639026110822e-5
3,5,0.1,1.333521432163324e7,2.3726070511978093e-8,0.0045628927004805475,2.0819989796661592e-5
3,5,0.1,1.7782794100389227e7,2.3726070511978093e-8,0.0039513022899362185,1.5612789787018133e-5
3,5,0.1,2.3713737056616552e7,2.3726070511978093e-8,0.003421686813895694,1.1707940652950592e-5
3,5,0.1,3.162277660168379e7,2.3726070511978093e-8,0.0029630587065452426,8.779716898996493e-6
3,5,0.1,4.2169650342858225e7,2.3726070511978093e-8,0.0025659031278896017,6.583858862276568e-6
3,5,0.1,5.623413251903491e7,2.3726070511978093e-8,0.002221980565950394,4.937197636024159e-6
3,5,0.1,7.498942093324558e7,2.3726070511978093e-8,0.001924155897312448,3.702375917725198e-6
3,5,0.1,1.0e8,2.3726070511978093e-8,0.0016662503596554534,2.776390261614854e-6
3,5,0.1,1.333521432163324e8,2.3726070511978093e-8,0.0014429133652475003,2.0819989801727924e-6
3,5,0.1,1.7782794100389227e8,2.3726070511978093e-8,0.0012495114960037463,1.5612789792084466e-6
3,5,0.1,2.3713737056616554e8,2.3726070511978093e-8,0.0010820323771675072,1.170794065801693e-6
3,5,0.1,3.1622776601683795e8,2.3726070511978093e-8,0.0009370014353475434,8.779716904062831e-7
3,5,0.1,4.2169650342858225e8,2.3726070511978093e-8,0.0008114098139481455,6.583858867342905e-7
3,5,0.1,5.623413251903491e8,2.3726070511978093e-8,0.0007026519505033223,4.937197641090497e-7
3,5,0.1,7.498942093324559e8,2.3726070511978093e-8,0.0006084715208752396,3.7023759227915354e-7
3,5,0.1,1.0e9,2.3726070511978093e-8,0.0005269146288585968,2.776390266681192e-7
3,5,0.1,1.333521432163324e9,2.3726070511978093e-8,0.0004562892700480547,2.08199898523913e-7
3,5,0.1,1.7782794100389228e9,2.3726070511978093e-8,0.00039513022899362185,1.5612789842747848e-7
3,5,0.1,2.3713737056616554e9,2.3726070511978093e-8,0.0003421686813895694,1.1707940708680308e-7
3,5,0.1,3.1622776601683793e9,2.3726070511978093e-8,0.0002963058706545243,8.77971695472621e-8
3,5,0.1,4.2169650342858224e9,2.3726070511978093e-8,0.00025659031278896016,6.583858918006284e-8
3,5,0.1,5.623413251903491e9,2.3726070511978093e-8,0.0002221980565950394,4.937197691753875e-8
3,5,0.1,7.498942093324558e9,2.3726070511978093e-8,0.0001924155897312448,3.702375973454914e-8
3,5,0.1,1.0e10,2.3726070511978093e-8,0.00016662503596554535,2.7763903173445704e-8
4,6,0.1,100.0,3.0633966288979604e-10,1.6720895763796875,2.7958835514376026
4,6,0.1,133.3521432163324,3.0633966288979604e-10,1.4479699186070545,2.09661688519092
4,6,0.1,177.82794100389228,3.0633966288979604e-10,1.2538902908122869,1.5722408613933214
4,6,0.1,237.13737056616552,3.0633966288979604e-10,1.0858242572510175,1.1790143176347239
4,6,0.1,316.22776601683796,3.0633966288979604e-10,0.9402850682183228,0.884136009514336
4,6,0.1,421.6965034285823,3.0633966288979604e-10,0.8142533228652529,0.6630084737971057
4,6,0.1,562.341325190349,3.0633966288979604e-10,0.7051143277786935,0.49718621523879886
4,6,0.1,749.8942093324558,3.0633966288979604e-10,0.6106038517463637,0.37283706376749526
4,6,0.1,1000.0,3.0633966288979604e-10,0.5287611513185895,0.2795883551437603
4,6,0.1,1333.521432163324,3.0633966288979604e-10,0.4578882926206915,0.20966168851909198
4,6,0.1,1778.2794100389228,3.0633966288979604e-10,0.3965149254937727,0.15722408613933211
4,6,0.1,2371.373705661655,3.0633966288979604e-10,0.3433677791573816,0.11790143176347237
4,6,0.1,3162.2776601683795,3.0633966288979604e-10,0.2973442465416703,0.08841360095143361
4,6,0.1,4216.965034285822,3.0633966288979604e-10,0.25748950926146597,0.06630084737971056
4,6,0.1,5623.413251903491,3.0633966288979604e-10,0.22297672865992066,0.04971862152387988
4,6,0.1,7498.942093324558,3.0633966288979604e-10,0.1930898919590291,0.03728370637674953
4,6,0.1,10000.0,3.0633966288979604e-10,0.16720895763796875,0.02795883551437603
4,6,0.1,13335.21432163324,3.0633966288979604e-10,0.14479699186070544,0.020966168851909196
4,6,0.1,17782.794100389227,3.0633966288979604e-10,0.12538902908122868,0.01572240861393321
4,6,0.1,23713.737056616552,3.0633966288979604e-10,0.10858242572510175,0.011790143176347238
4,6,0.1,31622.776601683792,3.0633966288979604e-10,0.0940285068218323,0.008841360095143363
4,6,0.1,42169.65034285822,3.0633966288979604e-10,0.08142533228652529,0.006630084737971058
4,6,0.1,56234.13251903491,3.0633966288979604e-10,0.07051143277786935,0.004971862152387988
4,6,0.1,74989.42093324558,3.0633966288979604e-10,0.06106038517463637,0.003728370637674953
4,6,0.1,100000.0,3.0633966288979604e-10,0.05287611513185895,0.002795883551437603
4,6,0.1,133352.1432163324,3.0633966288979604e-10,0.04578882926206915,0.0020966168851909196
4,6,0.1,177827.94100389228,3.0633966288979604e-10,0.03965149254937727,0.0015722408613933212
4,6,0.1,237137.37056616554,3.0633966288979604e-10,0.03433677791573816,0.0011790143176347236
4,6,0.1,316227.7660168379,3.0633966288979604e-10,0.029734424654167032,0.0008841360095143364
4,6,0.1,421696.5034285823,3.0633966288979604e-10,0.025748950926146597,0.0006630084737971058
4,6,0.1,562341.3251903491,3.0633966288979604e-10,0.022297672865992067,0.000497186215238799
4,6,0.1,749894.2093324559,3.0633966288979604e-10,0.019308989195902907,0.0003728370637674953
4,6,0.1,1.0e6,3.0633966288979604e-10,0.016720895763796876,0.0002795883551437604
4,6,0.1,1.333521432163324e6,3.0633966288979604e-10,0.014479699186070545,0.00020966168851909207
4,6,0.1,1.778279410038923e6,3.0633966288979604e-10,0.012538902908122868,0.00015722408613933218
4,6,0.1,2.3713737056616554e6,3.0633966288979604e-10,0.010858242572510174,0.00011790143176347245
4,6,0.1,3.1622776601683795e6,3.0633966288979604e-10,0.009402850682183229,8.841360095143371e-5
4,6,0.1,4.216965034285823e6,3.0633966288979604e-10,0.008142533228652528,6.630084737971066e-5
4,6,0.1,5.623413251903491e6,3.0633966288979604e-10,0.007051143277786935,4.971862152387998e-5
4,6,0.1,7.498942093324558e6,3.0633966288979604e-10,0.0061060385174636364,3.7283706376749616e-5
4,6,0.1,1.0e7,3.0633966288979604e-10,0.005287611513185895,2.7958835514376126e-5
4,6,0.1,1.333521432163324e7,3.0633966288979604e-10,0.004578882926206915,2.0966168851909297e-5
4,6,0.1,1.7782794100389227e7,3.0633966288979604e-10,0.0039651492549377275,1.572240861393331e-5
4,6,0.1,2.3713737056616552e7,3.0633966288979604e-10,0.003433677791573816,1.1790143176347332e-5
4,6,0.1,3.162277660168379e7,3.0633966288979604e-10,0.002973442465416703,8.841360095143456e-6
4,6,0.1,4.2169650342858225e7,3.0633966288979604e-10,0.0025748950926146597,6.630084737971151e-6
4,6,0.1,5.623413251903491e7,3.0633966288979604e-10,0.0022297672865992067,4.971862152388083e-6
4,6,0.1,7.498942093324558e7,3.0633966288979604e-10,0.001930898919590291,3.728370637675047e-6
4,6,0.1,1.0e8,3.0633966288979604e-10,0.0016720895763796876,2.795883551437697e-6
4,6,0.1,1.333521432163324e8,3.0633966288979604e-10,0.0014479699186070545,2.096616885191014e-6
4,6,0.1,1.7782794100389227e8,3.0633966288979604e-10,0.0012538902908122867,1.5722408613934147e-6
4,6,0.1,2.3713737056616554e8,3.0633966288979604e-10,0.0010858242572510174,1.1790143176348173e-6
4,6,0.1,3.1622776601683795e8,3.0633966288979604e-10,0.0009402850682183228,8.841360095144298e-7
4,6,0.1,4.2169650342858225e8,3.0633966288979604e-10,0.0008142533228652529,6.630084737971995e-7
4,6,0.1,5.623413251903491e8,3.0633966288979604e-10,0.0007051143277786936,4.971862152388928e-7
4,6,0.1,7.498942093324559e8,3.0633966288979604e-10,0.0006106038517463637,3.7283706376758913e-7
4,6,0.1,1.0e9,3.0633966288979604e-10,0.0005287611513185895,2.7958835514385414e-7
4,6,0.1,1.333521432163324e9,3.0633966288979604e-10,0.00045788829262069145,2.096616885191858e-7
4,6,0.1,1.7782794100389228e9,3.0633966288979604e-10,0.0003965149254937727,1.5722408613942596e-7
4,6,0.1,2.3713737056616554e9,3.0633966288979604e-10,0.0003433677791573816,1.1790143176356622e-7
4,6,0.1,3.1622776601683793e9,3.0633966288979604e-10,0.00029734424654167033,8.841360095152748e-8
4,6,0.1,4.2169650342858224e9,3.0633966288979604e-10,0.00025748950926146597,6.630084737980442e-8
4,6,0.1,5.623413251903491e9,3.0633966288979604e-10,0.00022297672865992065,4.971862152397372e-8
4,6,0.1,7.498942093324558e9,3.0633966288979604e-10,0.0001930898919590291,3.728370637684337e-8
4,6,0.1,1.0e10,3.0633966288979604e-10,0.00016720895763796875,2.7958835514469872e-8
