depth,dimension,samples,optimal_lag,predicted_relative_mse
1,3,100.0,0.3599145598005377,1.3462537938122836
1,3,133.3521432163324,0.3599145598005377,1.0095572759748357
1,3,177.82794100389228,0.3599145598005377,0.7570705069461315
1,3,237.13737056616552,0.3599145598005377,0.567732140918445
1,3,316.22776601683796,0.3599145598005377,0.425748396629814
1,3,421.6965034285823,0.3599145598005377,0.31927560896842944
1,3,562.341325190349,0.3599145598005377,0.23943228204967304
1,3,749.8942093324558,0.3599145598005377,0.17955823353945938
1,3,1000.0,0.3599145598005377,0.1346590312723596
1,3,1333.521432163324,0.3599145598005377,0.10098937948861479
1,3,1778.2794100389228,0.3599145598005377,0.07574070258574438
1,3,2371.373705661655,0.3599145598005377,0.05680686598297575
1,3,3162.2776601683795,0.3599145598005377,0.042608491554112636
1,3,4216.965034285822,0.3599145598005377,0.03196121278797418
1,3,5623.413251903491,0.3599145598005377,0.023976880096098534
1,3,7498.942093324558,0.3599145598005377,0.017989475245077168
1,3,10000.0,0.3599145598005377,0.013499555018367191
1,3,13335.21432163324,0.3599145598005377,0.010132589839992712
1,3,17782.794100389227,0.3599145598005377,0.007607722149705673
1,3,23713.737056616552,0.3599145598005377,0.0057143384894288085
1,3,31622.776601683792,0.3599145598005377,0.004294501046542497
1,3,42169.65034285822,0.3599145598005377,0.0032297731699286515
1,3,56234.13251903491,0.3599145598005377,0.0024313399007410866
1,3,74989.42093324558,0.3599145598005377,0.0018325994156389502
1,3,100000.0,0.33701194795257683,0.0013817079046972887
1,3,133352.1432163324,0.33701194795257683,0.0010434325036775282
1,3,177827.94100389228,0.33701194795257683,0.0007897617392931956
1,3,237137.37056616554,0.3155667087370236,0.0005982845027042771
1,3,316227.7660168379,0.3155667087370236,0.0004543391630578969
1,3,421696.5034285823,0.295486104478202,0.0003456235933679024
1,3,562341.3251903491,0.295486104478202,0.0002636119232737603
1,3,749894.2093324559,0.27668329872041125,0.00020130536859515297
1,3,1.0e6,0.2590769807128297,0.00015421404871129778
1,3,1.333521432163324e6,0.2590769807128297,0.00011832482634692187
1,3,1.778279410038923e6,0.24259101378974682,9.09336452494519e-5
1,3,2.3713737056616554e6,0.22715410612558068,7.006682641061758e-5
1,3,3.1622776601683795e6,0.2126995024408955,5.411929477881708e-5
1,3,4.216965034285823e6,0.2126995024408955,4.18380900111183e-5
1,3,5.623413251903491e6,0.19916469532623493,3.238954541432012e-5
1,3,7.498942093324558e6,0.18649115493542096,2.5124900063397205e-5
1,3,1.0e7,0.17462407587940582,1.9525749511843032e-5
1,3,1.333521432163324e7,0.16351214022614602,1.520051214567572e-5
1,3,1.7782794100389227e7,0.16351214022614602,1.1850610452448594e-5
1,3,2.3713737056616552e7,0.15310729558161662,9.237611103961307e-6
1,3,3.162277660168379e7,0.14336454729230014,7.211023089929559e-6
1,3,4.2169650342858225e7,0.13424176387055184,5.636538821614317e-6
1,3,5.623413251903491e7,0.12569949480142406,4.411336856773559e-6
1,3,7.498942093324558e7,0.11770079994307425,3.456502601971836e-6
1,3,1.0e8,0.11021108978301669,2.7113284273236154e-6
1,3,1.333521432163324e8,0.10319797585942315,2.1290116663771406e-6
1,3,1.7782794100389227e8,0.10319797585942315,1.6709469837130601e-6
1,3,2.3713737056616554e8,0.09663113070063478,1.3123057099660853e-6
1,3,3.1622776601683795e8,0.09048215667720905,1.0315551088706213e-6
1,3,4.2169650342858225e8,0.08472446319936545,8.115500394175279e-7
1,3,5.623413251903491e8,0.079333151728784,6.389772866442604e-7
1,3,7.498942093324559e8,0.07428490810750159,5.034841904151758e-7
1,3,1.0e9,0.06955790173829438,3.970093422853186e-7
1,3,1.333521432163324e9,0.06513169118056195,3.132674425277724e-7
1,3,1.7782794100389228e9,0.06513169118056195,2.470006343414248e-7
1,3,2.3713737056616554e9,0.060987135753472935,1.9480003534511308e-7
1,3,3.1622776601683793e9,0.05710631276410911,1.53726312673088e-7
1,3,4.2169650342858224e9,0.05347244000266965,1.2138496424337877e-7
1,3,5.623413251903491e9,0.05006980316957457,9.590227579236179e-8
1,3,7.498942093324558e9,0.04688368792063305,7.581071298752309e-8
1,3,1.0e10,0.04390031623641371,5.995986641997257e-8
2,4,100.0,0.3155667087370236,1.5362927483851454
2,4,133.3521432163324,0.3155667087370236,1.152057035953177
2,4,177.82794100389228,0.3155667087370236,0.8639209001817129
2,4,237.13737056616552,0.3155667087370236,0.6478492804672618
2,4,316.22776601683796,0.3155667087370236,0.48581842404231035
2,4,421.6965034285823,0.3155667087370236,0.36431242307606077
2,4,562.341325190349,0.3155667087370236,0.2731957765523264
2,4,749.8942093324558,0.3155667087370236,0.20486793095038577
2,4,1000.0,0.3155667087370236,0.15362927519732839
2,4,1333.521432163324,0.3155667087370236,0.11520570395413152
2,4,1778.2794100389228,0.3155667087370236,0.08639209037698511
2,4,2371.373705661655,0.3155667087370236,0.06478492840554001
2,4,3162.2776601683795,0.3155667087370236,0.048581842763044863
2,4,4216.965034285822,0.3155667087370236,0.03643124266641991
2,4,5623.413251903491,0.3155667087370236,0.02731957801404647
2,4,7498.942093324558,0.3155667087370236,0.020486793453852407
2,4,10000.0,0.3155667087370236,0.015362927878546666
2,4,13335.21432163324,0.3155667087370236,0.01152057075422698
2,4,17782.794100389227,0.3155667087370236,0.008639209396512342
2,4,23713.737056616552,0.3155667087370236,0.00647849319936783
2,4,31622.776601683792,0.3155667087370236,0.004858184635118315
2,4,42169.65034285822,0.3155667087370236,0.0036431246254558197
2,4,56234.13251903491,0.3155667087370236,0.0027319581602184757
2,4,74989.42093324558,0.3155667087370236,0.002048679704199069
2,4,100000.0,0.3155667087370236,0.0015362931466684953
2,4,133352.1432163324,0.3155667087370236,0.001152057434236527
2,4,177827.94100389228,0.3155667087370236,0.0008639212984650627
2,4,237137.37056616554,0.3155667087370236,0.0006478496787506115
2,4,316227.7660168379,0.3155667087370236,0.0004858188223256602
2,4,421696.5034285823,0.3155667087370236,0.00036431282135941054
2,4,562341.3251903491,0.3155667087370236,0.0002731961748356762
2,4,749894.2093324559,0.3155667087370236,0.00020486832923373552
2,4,1.0e6,0.3155667087370236,0.00015362967348067814
2,4,1.333521432163324e6,0.3155667087370236,0.0001152061022374813
2,4,1.778279410038923e6,0.3155667087370236,8.63924886603349e-5
2,4,2.3713737056616554e6,0.3155667087370236,6.478532668888979e-5
2,4,3.1622776601683795e6,0.3155667087370236,4.858224104639465e-5
2,4,4.216965034285823e6,0.3155667087370236,3.643164094976969e-5
2,4,5.623413251903491e6,0.3155667087370236,2.7319976297396253e-5
2,4,7.498942093324558e6,0.3155667087370236,2.048719173720219e-5
2,4,1.0e7,0.3155667087370236,1.536332616189645e-5
2,4,1.333521432163324e7,0.3155667087370236,1.1520969037576764e-5
2,4,1.7782794100389227e7,0.3155667087370236,8.639607679862125e-6
2,4,2.3713737056616552e7,0.3155667087370236,6.478891482717613e-6
2,4,3.162277660168379e7,0.3155667087370236,4.858582918468099e-6
2,4,4.2169650342858225e7,0.3155667087370236,3.6435229088056033e-6
2,4,5.623413251903491e7,0.3155667087370236,2.73235644356826e-6
2,4,7.498942093324558e7,0.3155667087370236,2.0490779875488535e-6
2,4,1.0e8,0.3155667087370236,1.5366914300182795e-6
2,4,1.333521432163324e8,0.3155667087370236,1.1524557175863109e-6
2,4,1.7782794100389227e8,0.3155667087370236,8.643195818148468e-7
2,4,2.3713737056616554e8,0.3155667087370236,6.482479621003955e-7
2,4,3.1622776601683795e8,0.3155667087370236,4.862171056754442e-7
2,4,4.2169650342858225e8,0.3155667087370236,3.6471110470919456e-7
2,4,5.623413251903491e8,0.3155667087370236,2.735944581854602e-7
2,4,7.498942093324559e8,0.295486104478202,2.0525603478565833e-7
2,4,1.0e9,0.295486104478202,1.539800483217437e-7
2,4,1.333521432163324e9,0.295486104478202,1.1552848299464475e-7
2,4,1.7782794100389228e9,0.295486104478202,8.66938768160846e-8
2,4,2.3713737056616554e9,0.295486104478202,6.507097261440048e-8
2,4,3.1622776601683793e9,0.295486104478202,4.885608196460715e-8
2,4,4.2169650342858224e9,0.295486104478202,3.6696629361368136e-8
2,4,5.623413251903491e9,0.295486104478202,2.7578326265546747e-8
2,4,7.498942093324558e9,0.295486104478202,2.0740563575052084e-8
2,4,1.0e10,0.27668329872041125,1.560715645821917e-8
3,5,100.0,0.19916469532623493,2.1703735576105756
3,5,133.3521432163324,0.19916469532623493,1.6275505629405118
3,5,177.82794100389228,0.19916469532623493,1.2204907425449283
3,5,237.13737056616552,0.19916469532623493,0.9152389403783706
3,5,316.22776601683796,0.19916469532623493,0.6863323815453725
3,5,421.6965034285823,0.19916469532623493,0.5146766785982883
3,5,562.341325190349,0.19916469532623493,0.38595306095937754
3,5,749.8942093324558,0.19916469532623493,0.2894239654876332
3,5,1000.0,0.19916469532623493,0.2170373557612724
3,5,1333.521432163324,0.19916469532623493,0.16275505629426598
3,5,1778.2794100389228,0.19916469532623493,0.1220490742547076
3,5,2371.373705661655,0.19916469532623493,0.09152389403805185
3,5,3162.2776601683795,0.19916469532623493,0.06863323815475204
3,5,4216.965034285822,0.19916469532623493,0.051467667860043614
3,5,5623.413251903491,0.19916469532623493,0.03859530609615254
3,5,7498.942093324558,0.19916469532623493,0.028942396548978115
3,5,10000.0,0.19916469532623493,0.02170373557634203
3,5,13335.21432163324,0.19916469532623493,0.01627550562964139
3,5,17782.794100389227,0.19916469532623493,0.012204907425685554
3,5,23713.737056616552,0.19916469532623493,0.009152389404019976
3,5,31622.776601683792,0.19916469532623493,0.006863323815689997
3,5,42169.65034285822,0.19916469532623493,0.005146766786219154
3,5,56234.13251903491,0.19916469532623493,0.0038595306098300466
3,5,74989.42093324558,0.19916469532623493,0.0028942396551126038
3,5,100000.0,0.19916469532623493,0.0021703735578489955
3,5,133352.1432163324,0.19916469532623493,0.0016275505631789314
3,5,177827.94100389228,0.19916469532623493,0.0012204907427833477
3,5,237137.37056616554,0.19916469532623493,0.00091523894061679
3,5,316227.7660168379,0.19916469532623493,0.0006863323817837922
3,5,421696.5034285823,0.19916469532623493,0.0005146766788367078
3,5,562341.3251903491,0.19916469532623493,0.000385953061197797
3,5,749894.2093324559,0.19916469532623493,0.00028942396572605275
3,5,1.0e6,0.19916469532623493,0.00021703735599969197
3,5,1.333521432163324e6,0.19916469532623493,0.00016275505653268557
3,5,1.778279410038923e6,0.19916469532623493,0.00012204907449312719
3,5,2.3713737056616554e6,0.19916469532623493,9.152389427647142e-5
3,5,3.1622776601683795e6,0.19916469532623493,6.863323839317162e-5
3,5,4.216965034285823e6,0.19916469532623493,5.146766809846318e-5
3,5,5.623413251903491e6,0.19916469532623493,3.8595306334572115e-5
3,5,7.498942093324558e6,0.19916469532623493,2.8942396787397696e-5
3,5,1.0e7,0.19916469532623493,2.170373581476161e-5
3,5,1.333521432163324e7,0.19916469532623493,1.6275505868060968e-5
3,5,1.7782794100389227e7,0.19916469532623493,1.2204907664105132e-5
3,5,2.3713737056616552e7,0.19916469532623493,9.152389642439554e-6
3,5,3.162277660168379e7,0.19916469532623493,6.863324054109575e-6
3,5,4.2169650342858225e7,0.19916469532623493,5.146767024638732e-6
3,5,5.623413251903491e7,0.19916469532623493,3.859530848249625e-6
3,5,7.498942093324558e7,0.19916469532623493,2.894239893532182e-6
3,5,1.0e8,0.19916469532623493,2.1703737962685736e-6
3,5,1.333521432163324e8,0.19916469532623493,1.6275508015985093e-6
3,5,1.7782794100389227e8,0.19916469532623493,1.2204909812029258e-6
3,5,2.3713737056616554e8,0.19916469532623493,9.152391790363682e-7
3,5,3.1622776601683795e8,0.19916469532623493,6.863326202033702e-7
3,5,4.2169650342858225e8,0.19916469532623493,5.14676917256286e-7
3,5,5.623413251903491e8,0.19916469532623493,3.859532996173752e-7
3,5,7.498942093324559e8,0.19916469532623493,2.894242041456309e-7
3,5,1.0e9,0.19916469532623493,2.170375944192701e-7
3,5,1.333521432163324e9,0.19916469532623493,1.6275529495226367e-7
3,5,1.7782794100389228e9,0.19916469532623493,1.2204931291270535e-7
3,5,2.3713737056616554e9,0.19916469532623493,9.152413269604954e-8
3,5,3.1622776601683793e9,0.19916469532623493,6.863347681274976e-8
3,5,4.2169650342858224e9,0.19916469532623493,5.146790651804133e-8
3,5,5.623413251903491e9,0.19916469532623493,3.8595544754150256e-8
3,5,7.498942093324558e9,0.19916469532623493,2.8942635206975832e-8
3,5,1.0e10,0.19916469532623493,2.170397423433975e-8
4,6,100.0,0.19916469532623493,2.225903013819865
4,6,133.3521432163324,0.19916469532623493,1.6691917805991783
4,6,177.82794100389228,0.19916469532623493,1.251717250536655
4,6,237.13737056616552,0.19916469532623493,0.9386555178989804
4,6,316.22776601683796,0.19916469532623493,0.7038923374304028
4,6,421.6965034285823,0.19916469532623493,0.5278447878325462
4,6,562.341325190349,0.19916469532623493,0.39582774982194524
4,6,749.8942093324558,0.19916469532623493,0.29682893748457284
4,6,1000.0,0.19916469532623493,0.2225903013819868
4,6,1333.521432163324,0.19916469532623493,0.1669191780599181
4,6,1778.2794100389228,0.19916469532623493,0.12517172505366578
4,6,2371.373705661655,0.19916469532623493,0.09386555178989836
4,6,3162.2776601683795,0.19916469532623493,0.0703892337430406
4,6,4216.965034285822,0.19916469532623493,0.05278447878325493
4,6,5623.413251903491,0.19916469532623493,0.03958277498219483
4,6,7498.942093324558,0.19916469532623493,0.02968289374845759
4,6,10000.0,0.19916469532623493,0.022259030138198986
4,6,13335.21432163324,0.19916469532623493,0.016691917805992117
4,6,17782.794100389227,0.19916469532623493,0.012517172505366887
4,6,23713.737056616552,0.19916469532623493,0.009386555178990142
4,6,31622.776601683792,0.19916469532623493,0.007038923374304366
4,6,42169.65034285822,0.19916469532623493,0.0052784478783258
4,6,56234.13251903491,0.19916469532623493,0.00395827749821979
4,6,74989.42093324558,0.19916469532623493,0.0029682893748460663
4,6,100000.0,0.19916469532623493,0.002225903013820206
4,6,133352.1432163324,0.19916469532623493,0.0016691917805995193
4,6,177827.94100389228,0.19916469532623493,0.0012517172505369957
4,6,237137.37056616554,0.19916469532623493,0.0009386555178993212
4,6,316227.7660168379,0.19916469532623493,0.0007038923374307437
4,6,421696.5034285823,0.19916469532623493,0.000527844787832887
4,6,562341.3251903491,0.19916469532623493,0.00039582774982228604
4,6,749894.2093324559,0.19916469532623493,0.00029682893748491366
4,6,1.0e6,0.19916469532623493,0.00022259030138232767
4,6,1.333521432163324e6,0.19916469532623493,0.00016691917806025902
4,6,1.778279410038923e6,0.19916469532623493,0.00012517172505400667
4,6,2.3713737056616554e6,0.19916469532623493,9.386555179023922e-5
4,6,3.1622776601683795e6,0.19916469532623493,7.038923374338145e-5
4,6,4.216965034285823e6,0.19916469532623493,5.278447878359579e-5
4,6,5.623413251903491e6,0.19916469532623493,3.95827749825357e-5
4,6,7.498942093324558e6,0.19916469532623493,2.968289374879846e-5
4,6,1.0e7,0.19916469532623493,2.2259030138539855e-5
4,6,1.333521432163324e7,0.19916469532623493,1.669191780633299e-5
4,6,1.7782794100389227e7,0.19916469532623493,1.2517172505707758e-5
4,6,2.3713737056616552e7,0.19916469532623493,9.386555179331013e-6
4,6,3.162277660168379e7,0.19916469532623493,7.038923374645238e-6
4,6,4.2169650342858225e7,0.19916469532623493,5.278447878666671e-6
4,6,5.623413251903491e7,0.19916469532623493,3.9582774985606615e-6
4,6,7.498942093324558e7,0.19916469532623493,2.9682893751869378e-6
4,6,1.0e8,0.19916469532623493,2.225903014161077e-6
4,6,1.333521432163324e8,0.19916469532623493,1.6691917809403905e-6
4,6,1.7782794100389227e8,0.19916469532623493,1.2517172508778674e-6
4,6,2.3713737056616554e8,0.19916469532623493,9.386555182401928e-7
4,6,3.1622776601683795e8,0.19916469532623493,7.038923377716152e-7
4,6,4.2169650342858225e8,0.19916469532623493,5.278447881737586e-7
4,6,5.623413251903491e8,0.19916469532623493,3.9582775016315767e-7
4,6,7.498942093324559e8,0.19916469532623493,2.9682893782578523e-7
4,6,1.0e9,0.19916469532623493,2.225903017231992e-7
4,6,1.333521432163324e9,0.19916469532623493,1.6691917840113053e-7
4,6,1.7782794100389228e9,0.19916469532623493,1.2517172539487822e-7
4,6,2.3713737056616554e9,0.19916469532623493,9.386555213111077e-8
4,6,3.1622776601683793e9,0.19916469532623493,7.038923408425301e-8
4,6,4.2169650342858224e9,0.19916469532623493,5.278447912446736e-8
4,6,5.623413251903491e9,0.19916469532623493,3.958277532340726e-8
4,6,7.498942093324558e9,0.19916469532623493,2.9682894089670022e-8
4,6,1.0e10,0.19916469532623493,2.2259030479411417e-8
