depth,dimension,lag,rate,estimate,truth,relative_error,aggregate_relative_bias,relative_variance,gram_condition
1,3,0.0004999999999999999,c1,0.025000000308488975,0.025,1.2339558957963348e-8,1.3205254253158487e-8,39579.17098325941,619262.7713154516
1,3,0.0004999999999999999,c2,0.6999999901876887,0.7,1.4017587566885126e-8,1.3205254253158487e-8,39579.17098325941,619262.7713154516
1,3,0.0006242270677233033,c1,0.025000000480812846,0.025,1.923251377600188e-8,2.058145576248412e-8,31711.601357410233,619262.7713154516
1,3,0.0006242270677233033,c2,0.6999999847069134,0.7,2.184726653555101e-8,2.058145576248412e-8,31711.601357410233,619262.7713154516
1,3,0.0007793188641568678,c1,0.025000000749394135,0.025,2.9975765342138416e-8,3.207757064859279e-8,25409.755715769206,619262.7713154516
1,3,0.0007793188641568678,c2,0.6999999761650816,0.7,3.4049883389032845e-8,3.207757064859279e-8,25409.755715769206,619262.7713154516
1,3,0.0009729438587881939,c1,0.025000001167997173,0.025,4.671988684812334e-8,4.9994465322348404e-8,20362.04110629999,619262.7713154516
1,3,0.0009729438587881939,c2,0.699999962852844,0.7,5.3067365581225904e-8,4.9994465322348404e-8,20362.04110629999,619262.7713154516
1,3,0.0012146757840615012,c1,0.025000001820412805,0.025,7.281651212553975e-8,7.791772068335741e-8,16318.874728106379,619262.7713154516
1,3,0.0012146757840615012,c2,0.6999999421065808,0.7,8.270488452818574e-8,7.791772068335741e-8,16318.874728106379,619262.7713154516
1,3,0.0015164670058384307,c1,0.025000002837224544,0.025,1.1348898168450638e-7,1.2143472015987863e-7,13080.343381957848,619262.7713154516
1,3,0.0015164670058384307,c2,0.6999999097759099,0.7,1.2889155726852103e-7,1.2143472015987863e-7,13080.343381957848,619262.7713154516
1,3,0.0018932395047073242,c1,0.025000004421933453,0.025,1.768773380539379e-7,1.8925176069919172e-7,10486.318820395365,619262.7713154516
1,3,0.0018932395047073242,c2,0.6999998593942963,0.7,2.0086529090817304e-7,1.8925176069919172e-7,10486.318820395365,619262.7713154516
1,3,0.0023636226890427444,c1,0.025000006891662874,0.025,2.756665148928583e-7,2.949341157947083e-7,8408.540253994113,619262.7713154516
1,3,0.0023636226890427444,c2,0.6999997808874341,0.7,3.130179512414852e-7,2.949341157947083e-7,8408.540253994113,619262.7713154516
1,3,0.002950874520770846,c1,0.025000010740574077,0.025,4.2962296303850067e-7,4.5961600634108556e-7,6744.272535891598,619262.7713154516
1,3,0.002950874520770846,c2,0.6999996585622318,0.7,4.877682402426586e-7,4.5961600634108556e-7,6744.272535891598,619262.7713154516
1,3,0.0036840314986403863,c1,0.025000016738652864,0.025,6.695461145234116e-7,7.162202651929654e-7,5411.226455826761,619262.7713154516
1,3,0.0036840314986403863,c2,0.6999994679765428,0.7,7.600335102545383e-7,7.162202651929654e-7,5411.226455826761,619262.7713154516
1,3,0.00459934435959315,c1,0.025000026085573845,0.025,1.0434229537337192e-6,1.1160270939887338e-6,4343.48997991924,619262.7713154516
1,3,0.00459934435959315,c2,0.6999991710683204,0.7,1.1841881135994065e-6,1.1160270939887338e-6,4343.48997991924,619262.7713154516
1,3,0.0057420704860771,c1,0.02500004065030682,0.025,1.6260122727429493e-6,1.7388964691139833e-6,3488.2692587722167,619262.7713154516
1,3,0.0057420704860771,c2,0.6999987085794972,0.7,1.8448864325115724e-6,1.7388964691139833e-6,3488.2692587722167,619262.7713154516
1,3,0.007168711644368862,c1,0.0250000633441599,0.025,2.5337663960012247e-6,2.709170204844734e-6,2803.278266003228,619262.7713154516
1,3,0.007168711644368862,c2,0.6999979882781551,0.7,2.873888349836611e-6,2.709170204844734e-6,2803.278266003228,619262.7713154516
1,3,0.00894980769823656,c1,0.02500009870139972,0.025,3.948055988800547e-6,4.220397225397519e-6,2254.648001808459,619262.7713154516
1,3,0.00894980769823656,c2,0.6999968666605513,0.7,4.476199212399834e-6,4.220397225397519e-6,2254.648001808459,619262.7713154516
1,3,0.011173424432315308,c1,0.025000153782614297,0.025,6.151304571822003e-6,6.573753930615919e-6,1815.2518877928992,619262.7713154516
1,3,0.011173424432315308,c2,0.6999951205463998,0.7,6.970648000243734e-6,6.573753930615919e-6,1815.2518877928992,619262.7713154516
1,3,0.013949507939624208,c1,0.025000239579539847,0.025,9.583181593830759e-6,1.0237699059765651e-5,1463.3645607647286,619262.7713154516
1,3,0.013949507939624208,c2,0.6999924030294615,0.7,1.0852815054894296e-5,1.0237699059765651e-5,1463.3645607647286,619262.7713154516
1,3,0.017415320874669123,c1,0.025000373198356077,0.025,1.4927934243041951e-5,1.594050885898405e-5,1181.5877628350825,619262.7713154516
1,3,0.017415320874669123,c2,0.6999881752527277,0.7,1.6892496103196718e-5,1.594050885898405e-5,1181.5877628350825,619262.7713154516
1,3,0.021742229366110297,c1,0.0250005812500774,0.025,2.3250003095970362e-5,2.4813638780484855e-5,955.990239595835,619262.7713154516
1,3,0.021742229366110297,c2,0.6999816009065278,0.7,2.628441924588744e-5,2.4813638780484855e-5,955.990239595835,619262.7713154516
1,3,0.027144176165949066,c1,0.025000905109823238,0.025,3.620439292945088e-5,3.861348316612069e-5,775.4191526963983,619262.7713154516
1,3,0.027144176165949066,c2,0.6999713834032849,0.7,4.088085245006796e-5,3.861348316612069e-5,775.4191526963983,619262.7713154516
1,3,0.033888258987670346,c1,0.02500140906370376,0.025,5.6362548150334923e-5,6.006372680606041e-5,630.9490152879208,619262.7713154516
1,3,0.033888258987670346,c2,0.6999555152025563,0.7,6.354971063382564e-5,6.006372680606041e-5,630.9490152879208,619262.7713154516
1,3,0.0423079370762427,c1,0.025002192905216734,0.025,8.77162086693195e-5,9.338253317115437e-5,515.4409951656667,619262.7713154516
1,3,0.0423079370762427,c2,0.6999308930810092,0.7,9.87241699867969e-5,9.338253317115437e-5,515.4409951656667,619262.7713154516
1,3,0.052819519005050046,c1,0.02500341136251679,0.025,0.00013645450067156784,0.00014509174170432884,423.19095042333544,619262.7713154516
1,3,0.052819519005050046,c2,0.6998927299474628,0.7,0.00015324293219598495,0.00014509174170432884,423.19095042333544,619262.7713154516
1,3,0.0659427469341554,c1,0.025005303959287937,0.025,0.000212158371517418,0.00022525376317062543,349.64906006288425,619262.7713154516
1,3,0.0659427469341554,c2,0.6998336599954621,0.7,0.0002376285779112245,0.00022525376317062543,349.64906006288425,619262.7713154516
1,3,0.08232649511265536,c1,0.025008240700432848,0.025,0.00032962801731387104,0.00034935203291143257,291.19764997985686,619262.7713154516
1,3,0.08232649511265536,c2,0.6997423856808324,0.7,0.00036802045595371195,0.00034935203291143257,291.19764997985686,619262.7713154516
1,3,0.10278085328021952,c1,0.025012791524569502,0.025,0.0005116609827800211,0.0005411297038343628,244.977057497745,619262.7713154516
1,3,0.10278085328021952,c2,0.6996016478715914,0.7,0.0005690744691550747,0.0005411297038343628,244.977057497745,619262.7713154516
1,3,0.128317181322421,c1,0.02501983095754922,0.025,0.0007932383019687572,0.000836834972938679,208.7524484740655,619262.7713154516
1,3,0.128317181322421,c2,0.6993852108616148,0.7,0.0008782701976931381,0.000836834972938679,208.7524484740655,619262.7713154516
1,3,0.1601981156708287,c1,0.025030693869511133,0.025,0.0012277547804452615,0.001291491037433064,180.81789926231014,619262.7713154516
1,3,0.1601981156708287,c2,0.699053441478127,0.7,0.0013522264598185365,0.001291491037433064,180.81789926231014,619262.7713154516
1,3,0.20000000000000004,c1,0.02504740327606015,0.025,0.0018961310424059352,0.0019879998175532446,159.93872478087948,619262.7713154516
1,3,0.20000000000000004,c2,0.698546935282442,0.7,0.002075806739368437,0.0019879998175532446,159.93872478087948,619262.7713154516
2,4,0.0004999999999999999,c1,0.024999999999999998,0.025,1.3877787807814457e-16,1.4082605134351276e-16,39581.92499454556,619262.7713154516
2,4,0.0004999999999999999,c2,0.7000000000000002,0.7,3.1720657846433045e-16,1.4082605134351276e-16,39581.92499454556,619262.7713154516
2,4,0.0006242270677233033,c1,0.024999999999999998,0.025,1.3877787807814457e-16,3.420992642453564e-16,31714.35772709504,619262.7713154516
2,4,0.0006242270677233033,c2,0.7000000000000003,0.7,4.758098676964956e-16,3.420992642453564e-16,31714.35772709504,619262.7713154516
2,4,0.0007793188641568678,c1,0.024999999999999994,0.025,2.7755575615628914e-16,8.310286696432608e-16,25412.51503197878,619262.7713154516
2,4,0.0007793188641568678,c2,0.7000000000000008,0.7,1.2688263138573218e-15,8.310286696432608e-16,25412.51503197878,619262.7713154516
2,4,0.0009729438587881939,c1,0.024999999999999984,0.025,6.938893903907228e-16,2.0187070248359183e-15,20364.804104491664,619262.7713154516
2,4,0.0009729438587881939,c2,0.700000000000002,0.7,2.854859206178974e-15,2.0187070248359183e-15,20364.804104491664,619262.7713154516
2,4,0.0012146757840615012,c1,0.02499999999999996,0.025,1.6653345369377348e-15,4.903682819315271e-15,16321.64232837113,619262.7713154516
2,4,0.0012146757840615012,c2,0.7000000000000047,0.7,6.819941436983105e-15,4.903682819315271e-15,16321.64232837113,619262.7713154516
2,4,0.0015164670058384307,c1,0.0249999999999999,0.025,4.0245584642661925e-15,1.1911355942527216e-14,13083.116735933228,619262.7713154516
2,4,0.0015164670058384307,c2,0.7000000000000115,0.7,1.6494742080145184e-14,1.1911355942527216e-14,13083.116735933228,619262.7713154516
2,4,0.0018932395047073242,c1,0.024999999999999755,0.025,9.853229343548264e-15,2.8932585846000976e-14,10489.099370470096,619262.7713154516
2,4,0.0018932395047073242,c2,0.7000000000000278,0.7,3.9809425597273475e-14,2.8932585846000976e-14,10489.099370470096,619262.7713154516
2,4,0.0023636226890427444,c1,0.024999999999999405,0.025,2.3869795029440866e-14,7.02744329578216e-14,8411.329808147151,619262.7713154516
2,4,0.0023636226890427444,c2,0.7000000000000676,0.7,9.658940314238862e-14,7.02744329578216e-14,8411.329808147151,619262.7713154516
2,4,0.002950874520770846,c1,0.024999999999998548,0.025,5.814793091474257e-14,1.706819348235247e-13,6747.073362582161,619262.7713154516
2,4,0.002950874520770846,c2,0.700000000000164,0.7,2.344156614851402e-13,1.706819348235247e-13,6747.073362582161,619262.7713154516
2,4,0.0036840314986403863,c1,0.024999999999996466,0.025,1.4141465776162931e-13,4.145271288355569e-13,5414.041404773806,619262.7713154516
2,4,0.0036840314986403863,c2,0.7000000000003982,0.7,5.689099984757767e-13,4.145271288355569e-13,5414.041404773806,619262.7713154516
2,4,0.00459934435959315,c1,0.02499999999999139,0.025,3.444466933899548e-13,1.0066707125414937e-12,4346.32263650243,619262.7713154516
2,4,0.00459934435959315,c2,0.700000000000967,0.7,1.381434649212159e-12,1.0066707125414937e-12,4346.32263650243,619262.7713154516
2,4,0.0057420704860771,c1,0.02499999999997902,0.025,8.391898287385402e-13,2.444462435593218e-12,3491.124142501451,619262.7713154516
2,4,0.0057420704860771,c2,0.7000000000023475,0.7,3.3536665508141338e-12,2.444462435593218e-12,3491.124142501451,619262.7713154516
2,4,0.007168711644368862,c1,0.024999999999948848,0.025,2.0461410343841635e-12,5.935144405143355e-12,2806.1610872885985,619262.7713154516
2,4,0.007168711644368862,c2,0.7000000000056983,0.7,8.140472423130112e-12,5.935144405143355e-12,2806.1610872885985,619262.7713154516
2,4,0.00894980769823656,c1,0.024999999999875157,0.025,4.993783164763954e-12,1.4408522005113364e-11,2257.5659967851075,619262.7713154516
2,4,0.00894980769823656,c2,0.7000000000138288,0.7,1.975546710346927e-11,1.4408522005113364e-11,2257.5659967851075,619262.7713154516
2,4,0.011173424432315308,c1,0.02499999999969497,0.025,1.2201212262752392e-11,3.497302498447102e-11,1818.21425900219,619262.7713154516
2,4,0.011173424432315308,c2,0.7000000000335516,0.7,4.7930865625695724e-11,3.497302498447102e-11,1818.21425900219,619262.7713154516
2,4,0.013949507939624208,c1,0.02499999999925374,0.025,2.9850427685218506e-11,8.487005555449424e-11,1466.383063529204,619262.7713154516
2,4,0.013949507939624208,c2,0.7000000000813772,0.7,1.162531975446817e-10,8.487005555449424e-11,1466.383063529204,619262.7713154516
2,4,0.017415320874669123,c1,0.024999999998171308,0.025,7.314773786681883e-11,2.0590216412316796e-10,1184.6774955223534,619262.7713154516
2,4,0.017415320874669123,c2,0.7000000001972967,0.7,2.8185247786487773e-10,2.0590216412316796e-10,1184.6774955223534,619262.7713154516
2,4,0.021742229366110297,c1,0.024999999995510155,0.025,1.7959383979970767e-10,4.993727386715894e-10,959.1707244296244,619262.7713154516
2,4,0.021742229366110297,c2,0.7000000004781017,0.7,6.830025434112486e-10,4.993727386715894e-10,959.1707244296244,619262.7713154516
2,4,0.027144176165949066,c1,0.024999999988950954,0.025,4.4196188375700274e-10,1.2106321203044117e-9,778.7158389471682,619262.7713154516
2,4,0.027144176165949066,c2,0.7000000011578453,0.7,1.6540648216180541e-9,1.2106321203044117e-9,778.7158389471682,619262.7713154516
2,4,0.033888258987670346,c1,0.024999999972735353,0.025,1.090585954877099e-9,2.9334667378991603e-9,634.3954098907436,619262.7713154516
2,4,0.033888258987670346,c2,0.7000000028018436,0.7,4.002633779975895e-9,2.9334667378991603e-9,634.3954098907436,619262.7713154516
2,4,0.0423079370762427,c1,0.02499999993250867,0.025,2.6996532787038063e-9,7.103633145351151e-9,519.0817473708921,619262.7713154516
2,4,0.0423079370762427,c2,0.7000000067735654,0.7,9.676522123263405e-9,7.103633145351151e-9,519.0817473708921,619262.7713154516
2,4,0.052819519005050046,c1,0.02499999983232702,0.025,6.7069191866941935e-9,1.718888529567597e-8,427.0864241689392,619262.7713154516
2,4,0.052819519005050046,c2,0.7000000163556432,0.7,2.3365204691673724e-8,1.718888529567597e-8,427.0864241689392,619262.7713154516
2,4,0.0659427469341554,c1,0.024999999581759188,0.025,1.672963254040205e-8,4.1553403345012277e-8,353.8822906767831,619262.7713154516
2,4,0.0659427469341554,c2,0.7000000394336168,0.7,5.633373830907626e-8,4.1553403345012277e-8,353.8822906767831,619262.7713154516
2,4,0.08232649511265536,c1,0.024999998952186755,0.025,4.1912529835652634e-8,1.0033783572114299e-7,295.8852380900537,619262.7713154516
2,4,0.08232649511265536,c2,0.700000094897651,0.7,1.3556807295803506e-7,1.0033783572114299e-7,295.8852380900537,619262.7713154516
2,4,0.10278085328021952,c1,0.024999997362967277,0.025,1.0548130896514962e-7,2.419412394847656e-7,250.2867818041642,619262.7713154516
2,4,0.10278085328021952,c2,0.7000002278441614,0.7,3.2549165918105416e-7,2.419412394847656e-7,250.2867818041642,619262.7713154516
2,4,0.128317181322421,c1,0.02499999333351586,0.025,2.6665936569969517e-7,5.823788562612419e-7,214.93277094343915,619262.7713154516
2,4,0.128317181322421,c2,0.7000005454716245,0.7,7.792451779080929e-7,5.823788562612419e-7,214.93277094343915,619262.7713154516
2,4,0.1601981156708287,c1,0.02499998307792206,0.025,6.768831176118262e-7,1.398892675295295e-6,188.24939947253614,619262.7713154516
2,4,0.1601981156708287,c2,0.7000013012528704,0.7,1.8589326720798638e-6,1.398892675295295e-6,188.24939947253614,619262.7713154516
2,4,0.20000000000000004,c1,0.024999956906386286,0.025,1.723744548626227e-6,3.351488172288834e-6,169.22788313634092,619262.7713154516
2,4,0.20000000000000004,c2,0.7000030906130181,0.7,4.415161454535926e-6,3.351488172288834e-6,169.22788313634092,619262.7713154516
3,5,0.0004999999999999999,c1,0.025,0.025,0.0,9.151071548951226e-18,39588.63101650242,619262.7713154516
3,5,0.0004999999999999999,c2,0.7,0.7,0.0,9.151071548951226e-18,39588.63101650242,619262.7713154516
3,5,0.0006242270677233033,c1,0.024999999999999998,0.025,1.3877787807814457e-16,2.2250071670716368e-17,31721.078764616643,619262.7713154516
3,5,0.0006242270677233033,c2,0.7000000000000001,0.7,1.5860328923216522e-16,2.2250071670716368e-17,31721.078764616643,619262.7713154516
3,5,0.0007793188641568678,c1,0.024999999999999998,0.025,1.3877787807814457e-16,5.4110559682659097e-17,25419.2548291595,619262.7713154516
3,5,0.0007793188641568678,c2,0.7000000000000001,0.7,1.5860328923216522e-16,5.4110559682659097e-17,25419.2548291595,619262.7713154516
3,5,0.0009729438587881939,c1,0.024999999999999998,0.025,1.3877787807814457e-16,1.316273459984226e-16,20371.56734316984,619262.7713154516
3,5,0.0009729438587881939,c2,0.7000000000000001,0.7,1.5860328923216522e-16,1.316273459984226e-16,20371.56734316984,619262.7713154516
3,5,0.0012146757840615012,c1,0.02499999999999999,0.025,4.163336342344337e-16,3.2029593649970084e-16,16328.43486532331,619262.7713154516
3,5,0.0012146757840615012,c2,0.7000000000000002,0.7,3.1720657846433045e-16,3.2029593649970084e-16,16328.43486532331,619262.7713154516
3,5,0.0015164670058384307,c1,0.02499999999999998,0.025,8.326672684688674e-16,7.797085218106206e-16,13089.945901373207,619262.7713154516
3,5,0.0015164670058384307,c2,0.7000000000000005,0.7,7.930164461608261e-16,7.797085218106206e-16,13089.945901373207,619262.7713154516
3,5,0.0018932395047073242,c1,0.024999999999999953,0.025,1.942890293094024e-15,1.899027038815924e-15,10495.974344395689,619262.7713154516
3,5,0.0018932395047073242,c2,0.7000000000000014,0.7,2.061842760018148e-15,1.899027038815924e-15,10495.974344395689,619262.7713154516
3,5,0.0023636226890427444,c1,0.024999999999999887,0.025,4.579669976578771e-15,4.628075373393432e-15,8418.262095988868,619262.7713154516
3,5,0.0023636226890427444,c2,0.7000000000000033,0.7,4.758098676964957e-15,4.628075373393432e-15,8418.262095988868,619262.7713154516
3,5,0.002950874520770846,c1,0.024999999999999727,0.025,1.0963452368173421e-14,1.1287676373365729e-14,6754.077398106949,619262.7713154516
3,5,0.002950874520770846,c2,0.7000000000000082,0.7,1.1736643403180227e-14,1.1287676373365729e-14,6754.077398106949,619262.7713154516
3,5,0.0036840314986403863,c1,0.024999999999999332,0.025,2.67841304690819e-14,2.755640135302347e-14,5421.135317014976,619262.7713154516
3,5,0.0036840314986403863,c2,0.7000000000000198,0.7,2.8389988772557575e-14,2.755640135302347e-14,5421.135317014976,619262.7713154516
3,5,0.00459934435959315,c1,0.024999999999998364,0.025,6.550315845288424e-14,6.735201853476933e-14,4353.529229617492,619262.7713154516
3,5,0.00459934435959315,c2,0.7000000000000485,0.7,6.930963739445621e-14,6.735201853476933e-14,4353.529229617492,619262.7713154516
3,5,0.0057420704860771,c1,0.024999999999995994,0.025,1.6028844918025698e-13,1.6485636834688167e-13,3498.4721543189316,619262.7713154516
3,5,0.0057420704860771,c2,0.7000000000001186,0.7,1.6954691618918464e-13,1.6485636834688167e-13,3498.4721543189316,619262.7713154516
3,5,0.007168711644368862,c1,0.024999999999990172,0.025,3.9315772859538356e-13,4.0422997282195526e-13,2813.686816205433,619262.7713154516
3,5,0.007168711644368862,c2,0.7000000000002905,0.7,4.150648079205764e-13,4.0422997282195526e-13,2813.686816205433,619262.7713154516
3,5,0.00894980769823656,c1,0.024999999999975823,0.025,9.671430323265895e-13,9.933145794985024e-13,2265.315421019041,619262.7713154516
3,5,0.00894980769823656,c2,0.7000000000007133,0.7,1.0190261333166616e-12,9.933145794985024e-13,2265.315421019041,619262.7713154516
3,5,0.011173424432315308,c1,0.024999999999940358,0.025,2.3857305020413833e-12,2.447251489489195e-12,1826.2458225462046,619262.7713154516
3,5,0.011173424432315308,c2,0.7000000000017551,0.7,2.5073593994713003e-12,2.447251489489195e-12,1826.2458225462046,619262.7713154516
3,5,0.013949507939624208,c1,0.02499999999985236,0.025,5.905692601615442e-12,6.048310390904485e-12,1474.7713782397154,619262.7713154516
3,5,0.013949507939624208,c2,0.7000000000043314,0.7,6.187748726103694e-12,6.048310390904485e-12,1474.7713782397154,619262.7713154516
3,5,0.017415320874669123,c1,0.02499999999963304,0.025,1.4678397386447273e-11,1.500430818729102e-11,1193.5183229263034,619262.7713154516
3,5,0.017415320874669123,c2,0.7000000000107264,0.7,1.5323456789165644e-11,1.500430818729102e-11,1193.5183229263034,619262.7713154516
3,5,0.021742229366110297,c1,0.024999999999083554,0.025,3.665789893858573e-11,3.7386712800006936e-11,968.5877779020327,619262.7713154516
3,5,0.021742229366110297,c2,0.7000000000266712,0.7,3.810174398211075e-11,3.7386712800006936e-11,968.5877779020327,619262.7713154516
3,5,0.027144176165949066,c1,0.024999999997698537,0.025,9.205858297889336e-11,9.363856269457293e-11,788.870227341021,619262.7713154516
3,5,0.027144176165949066,c2,0.7000000000666347,0.7,9.519242537083172e-11,9.363856269457293e-11,788.870227341021,619262.7713154516
3,5,0.033888258987670346,c1,0.02499999999418364,0.025,2.3265445125986162e-10,2.3591576759334156e-10,645.4989977740997,619262.7713154516
3,5,0.033888258987670346,c2,0.7000000001673928,0.7,2.3913268191019405e-10,2.3591576759334156e-10,645.4989977740997,619262.7713154516
3,5,0.0423079370762427,c1,0.024999999985196017,0.025,5.921593770885636e-10,5.983367122377719e-10,531.416459895291,619262.7713154516
3,5,0.0423079370762427,c2,0.7000000004231156,0.7,6.044509337499449e-10,5.983367122377719e-10,531.416459895291,619262.7713154516
3,5,0.052819519005050046,c1,0.024999999962026957,0.025,1.5189217938971211e-9,1.5286526317420904e-9,441.03280529086794,619262.7713154516
3,5,0.052819519005050046,c2,0.7000000010768254,0.7,1.5383220094581216e-9,1.5286526317420904e-9,441.03280529086794,619262.7713154516
3,5,0.0659427469341554,c1,0.0249999999017904,0.025,3.9283840069792575e-9,3.936098145875766e-9,369.9628637974395,619262.7713154516
3,5,0.0659427469341554,c2,0.7000000027606581,0.7,3.943797352182596e-9,3.936098145875766e-9,369.9628637974395,619262.7713154516
3,5,0.08232649511265536,c1,0.024999999743842875,0.025,1.024628507040326e-8,1.0217053080348786e-8,314.8322595132484,619262.7713154516
3,5,0.08232649511265536,c2,0.7000000071314161,0.7,1.0187737320421775e-8,1.0217053080348786e-8,314.8322595132484,619262.7713154516
3,5,0.10278085328021952,c1,0.024999999326313607,0.025,2.6947455794568143e-8,2.6732403521506258e-8,273.15151895438953,619262.7713154516
3,5,0.10278085328021952,c2,0.7000000185609251,0.7,2.6515607328850676e-8,2.6732403521506258e-8,273.15151895438953,619262.7713154516
3,5,0.128317181322421,c1,0.024999998214680727,0.025,7.141277097444387e-8,7.046008374702683e-8,243.26804932761695,619262.7713154516
3,5,0.128317181322421,c2,0.7000000486460363,0.7,6.949433758610521e-8,7.046008374702683e-8,243.26804932761695,619262.7713154516
3,5,0.1601981156708287,c1,0.024999995238748407,0.025,1.9045006377504947e-7,1.868608517114106e-7,224.4266808532302,619262.7713154516
3,5,0.1601981156708287,c2,0.7000001282409344,0.7,1.832013348960057e-7,1.868608517114106e-7,224.4266808532302,619262.7713154516
3,5,0.20000000000000004,c1,0.024999987247589082,0.025,5.100964367565908e-7,4.976472884731123e-7,217.0126110869441,619262.7713154516
3,5,0.20000000000000004,c2,0.7000003394150316,0.7,4.848786166229096e-7,4.976472884731123e-7,217.0126110869441,619262.7713154516
4,6,0.0004999999999999999,c1,0.025,0.025,0.0,4.9838180660515075e-24,39588.63712442258,619262.7713154515
4,6,0.0004999999999999999,c2,0.7,0.7,0.0,4.9838180660515075e-24,39588.63712442258,619262.7713154515
4,6,0.0006242270677233033,c1,0.025,0.025,0.0,1.8870053820696476e-23,31721.08639518864,619262.7713154515
4,6,0.0006242270677233033,c2,0.7,0.7,0.0,1.8870053820696476e-23,31721.08639518864,619262.7713154515
4,6,0.0007793188641568678,c1,0.025,0.025,0.0,7.14460130655723e-23,25419.264363556184,619262.7713154515
4,6,0.0007793188641568678,c2,0.7,0.7,0.0,7.14460130655723e-23,25419.264363556184,619262.7713154515
4,6,0.0009729438587881939,c1,0.025,0.025,0.0,2.7050497117353914e-22,20371.579258856036,619262.7713154515
4,6,0.0009729438587881939,c2,0.7,0.7,0.0,2.7050497117353914e-22,20371.579258856036,619262.7713154515
4,6,0.0012146757840615012,c1,0.025,0.025,0.0,1.0241486926258032e-21,16328.449760898551,619262.7713154515
4,6,0.0012146757840615012,c2,0.7,0.7,0.0,1.0241486926258032e-21,16328.449760898551,619262.7713154515
4,6,0.0015164670058384307,c1,0.025,0.025,0.0,3.877385214130232e-21,13089.964528048027,619262.7713154515
4,6,0.0015164670058384307,c2,0.7,0.7,0.0,3.877385214130232e-21,13089.964528048027,619262.7713154515
4,6,0.0018932395047073242,c1,0.025,0.025,0.0,1.467912406066022e-20,10495.997646105265,619262.7713154515
4,6,0.0018932395047073242,c2,0.7,0.7,0.0,1.467912406066022e-20,10495.997646105265,619262.7713154515
4,6,0.0023636226890427444,c1,0.025,0.025,0.0,5.557032838048017e-20,8418.291260682974,619262.7713154515
4,6,0.0023636226890427444,c2,0.7,0.7,0.0,5.557032838048017e-20,8418.291260682974,619262.7713154515
4,6,0.002950874520770846,c1,0.025,0.025,0.0,2.1035987878057895e-19,6754.113923709312,619262.7713154515
4,6,0.002950874520770846,c2,0.7,0.7,0.0,2.1035987878057895e-19,6754.113923709312,619262.7713154515
4,6,0.0036840314986403863,c1,0.025,0.025,0.0,7.96259076496538e-19,5421.18109678496,619262.7713154515
4,6,0.0036840314986403863,c2,0.7,0.7,0.0,7.96259076496538e-19,5421.18109678496,619262.7713154515
4,6,0.00459934435959315,c1,0.025,0.025,0.0,3.0137726342801587e-18,4353.586663438162,619262.7713154515
4,6,0.00459934435959315,c2,0.7,0.7,0.0,3.0137726342801587e-18,4353.586663438162,619262.7713154515
4,6,0.0057420704860771,c1,0.025,0.025,0.0,1.1405717360654749e-17,3498.544295056462,619262.7713154515
4,6,0.0057420704860771,c2,0.7,0.7,0.0,1.1405717360654749e-17,3498.544295056462,619262.7713154515
4,6,0.007168711644368862,c1,0.025,0.025,0.0,4.3159874349269076e-17,2813.7775640945356,619262.7713154515
4,6,0.007168711644368862,c2,0.7,0.7,0.0,4.3159874349269076e-17,2813.7775640945356,619262.7713154515
4,6,0.00894980769823656,c1,0.025000000000000005,0.025,1.3877787807814457e-16,1.6329397160686306e-16,2265.4297847489597,619262.7713154515
4,6,0.00894980769823656,c2,0.6999999999999998,0.7,1.5860328923216522e-16,1.6329397160686306e-16,2265.4297847489597,619262.7713154515
4,6,0.011173424432315308,c1,0.02500000000000002,0.025,6.938893903907228e-16,6.176985124983474e-16,1826.3902743107128,619262.7713154515
4,6,0.011173424432315308,c2,0.6999999999999996,0.7,4.758098676964956e-16,6.176985124983474e-16,1826.3902743107128,619262.7713154515
4,6,0.013949507939624208,c1,0.025000000000000064,0.025,2.4980018054066022e-15,2.336037667162283e-15,1474.9543431490806,619262.7713154515
4,6,0.013949507939624208,c2,0.6999999999999985,0.7,2.061842760018148e-15,2.336037667162283e-15,1474.9543431490806,619262.7713154515
4,6,0.017415320874669123,c1,0.025000000000000244,0.025,9.71445146547012e-15,8.831942836865061e-15,1193.7508634918804,619262.7713154515
4,6,0.017415320874669123,c2,0.6999999999999945,0.7,7.771561172376096e-15,8.831942836865061e-15,1193.7508634918804,619262.7713154515
4,6,0.021742229366110297,c1,0.025000000000000917,0.025,3.6637359812630166e-14,3.337928772325515e-14,968.8845660969712,619262.7713154515
4,6,0.021742229366110297,c2,0.6999999999999792,0.7,2.96588150864149e-14,3.337928772325515e-14,968.8845660969712,619262.7713154515
4,6,0.027144176165949066,c1,0.02500000000000346,0.025,1.3836154444391013e-13,1.2609789323517484e-13,789.250947055476,619262.7713154515
4,6,0.027144176165949066,c2,0.6999999999999214,0.7,1.1229112877637298e-13,1.2609789323517484e-13,789.250947055476,619262.7713154515
4,6,0.033888258987670346,c1,0.025000000000013057,0.025,5.22221155208058e-13,4.761102559457756e-13,645.9904010248654,619262.7713154515
4,6,0.033888258987670346,c2,0.6999999999997025,0.7,4.2489821185297065e-13,4.761102559457756e-13,645.9904010248654,619262.7713154515
4,6,0.0423079370762427,c1,0.0250000000000492,0.025,1.968009089026168e-12,1.796502427105822e-12,532.0554303396736,619262.7713154515
4,6,0.0423079370762427,c2,0.6999999999988753,0.7,1.6066513199218338e-12,1.796502427105822e-12,532.0554303396736,619262.7713154515
4,6,0.052819519005050046,c1,0.025000000000185204,0.025,7.408101909689435e-12,6.773483431073804e-12,441.870994663787,619262.7713154515
4,6,0.052819519005050046,c2,0.699999999995749,0.7,6.072761341410375e-12,6.773483431073804e-12,441.870994663787,619262.7713154515
4,6,0.0659427469341554,c1,0.02500000000069621,0.025,2.7848279238185114e-11,2.5514941324882924e-11,371.07381360694205,619262.7713154515
4,6,0.0659427469341554,c2,0.6999999999839382,0.7,2.2945296456506576e-11,2.5514941324882924e-11,371.07381360694205,619262.7713154515
4,6,0.08232649511265536,c1,0.02500000000261311,0.025,1.0452430587726269e-10,9.60060952404662e-11,316.3224844448484,619262.7713154515
4,6,0.08232649511265536,c2,0.6999999999393419,0.7,8.665433450159656e-11,9.60060952404662e-11,316.3224844448484,619262.7713154515
4,6,0.10278085328021952,c1,0.025000000009789934,0.025,3.915973101342729e-10,3.6077324211313963e-10,275.1779259954107,619262.7713154515
4,6,0.10278085328021952,c2,0.6999999997710603,0.7,3.270566357420941e-10,3.6077324211313963e-10,275.1779259954107,619262.7713154515
4,6,0.128317181322421,c1,0.025000000036598573,0.025,1.463942855828293e-9,1.3535976199144152e-9,246.0654067092749,619262.7713154515
4,6,0.128317181322421,c2,0.6999999991366063,0.7,1.233419556965844e-9,1.3535976199144152e-9,246.0654067092749,619262.7713154515
4,6,0.1601981156708287,c1,0.025000000136470288,0.025,5.458811458414203e-9,5.068929957624906e-9,228.3505069235001,619262.7713154515
4,6,0.1601981156708287,c2,0.6999999967474865,0.7,4.646447829667214e-9,5.068929957624906e-9,228.3505069235001,619262.7713154515
4,6,0.20000000000000004,c1,0.02500000050731111,0.025,2.0292444391500908e-8,1.8936360124875497e-8,222.60351008511904,619262.7713154515
4,6,0.20000000000000004,c2,0.6999999877672488,0.7,1.7475358779098623e-8,1.8936360124875497e-8,222.60351008511904,619262.7713154515
